Duration,Demand,First Stop,Second Stop,Third Stop,Fourth Stop
5814.1,9.0,Countdown Airport,,,
4911.78,9.0,Countdown Mangere East,,,
4472.41,8.0,Countdown Mangere Mall,,,
9106.42,15.0,Countdown Manukau,,,
6803.76,10.0,Countdown Manurewa,,,
7085.280000000001,12.0,Countdown Papatoetoe,,,
10005.16,14.0,Countdown Roselands,,,
7679.4,10.0,Countdown Takanini,,,
5395.7,6.0,SuperValue Flatbush,,,
6126.85,5.0,SuperValue Papakura,,,
10277.02,18.0,Countdown Airport,Countdown Mangere East,,
9568.99,17.0,Countdown Airport,Countdown Mangere Mall,,
14244.779999999999,24.0,Countdown Airport,Countdown Manukau,,
11875.94,19.0,Countdown Airport,Countdown Manurewa,,
12353.28,21.0,Countdown Airport,Countdown Papatoetoe,,
15151.9,23.0,Countdown Airport,Countdown Roselands,,
12826.14,19.0,Countdown Airport,Countdown Takanini,,
10523.36,15.0,Countdown Airport,SuperValue Flatbush,,
11273.6,14.0,Countdown Airport,SuperValue Papakura,,
9994.24,18.0,Countdown Mangere East,Countdown Airport,,
8844.77,17.0,Countdown Mangere East,Countdown Mangere Mall,,
13318.8,24.0,Countdown Mangere East,Countdown Manukau,,
11016.14,19.0,Countdown Mangere East,Countdown Manurewa,,
11311.56,21.0,Countdown Mangere East,Countdown Papatoetoe,,
14217.54,23.0,Countdown Mangere East,Countdown Roselands,,
11891.779999999999,19.0,Countdown Mangere East,Countdown Takanini,,
9608.08,15.0,Countdown Mangere East,SuperValue Flatbush,,
10339.23,14.0,Countdown Mangere East,SuperValue Papakura,,
9428.55,17.0,Countdown Mangere Mall,Countdown Airport,,
8855.33,17.0,Countdown Mangere Mall,Countdown Mangere East,,
12974.06,23.0,Countdown Mangere Mall,Countdown Manukau,,
10671.4,18.0,Countdown Mangere Mall,Countdown Manurewa,,
11145.41,20.0,Countdown Mangere Mall,Countdown Papatoetoe,,
13872.8,22.0,Countdown Mangere Mall,Countdown Roselands,,
11547.029999999999,18.0,Countdown Mangere Mall,Countdown Takanini,,
9263.34,14.0,Countdown Mangere Mall,SuperValue Flatbush,,
9994.49,13.0,Countdown Mangere Mall,SuperValue Papakura,,
13913.24,24.0,Countdown Manukau,Countdown Airport,,
13236.51,24.0,Countdown Manukau,Countdown Mangere East,,
12848.69,23.0,Countdown Manukau,Countdown Mangere Mall,,
14255.99,25.0,Countdown Manukau,Countdown Manurewa,,
14907.23,25.0,Countdown Manukau,Countdown Takanini,,
12358.58,21.0,Countdown Manukau,SuperValue Flatbush,,
13354.69,20.0,Countdown Manukau,SuperValue Papakura,,
11610.59,19.0,Countdown Manurewa,Countdown Airport,,
10933.86,19.0,Countdown Manurewa,Countdown Mangere East,,
10546.03,18.0,Countdown Manurewa,Countdown Mangere Mall,,
14339.77,25.0,Countdown Manurewa,Countdown Manukau,,
12769.82,22.0,Countdown Manurewa,Countdown Papatoetoe,,
15021.79,24.0,Countdown Manurewa,Countdown Roselands,,
12706.64,20.0,Countdown Manurewa,Countdown Takanini,,
10490.27,16.0,Countdown Manurewa,SuperValue Flatbush,,
11187.73,15.0,Countdown Manurewa,SuperValue Papakura,,
12224.45,21.0,Countdown Papatoetoe,Countdown Airport,,
11317.529999999999,21.0,Countdown Papatoetoe,Countdown Mangere East,,
11159.9,20.0,Countdown Papatoetoe,Countdown Mangere Mall,,
12832.66,22.0,Countdown Papatoetoe,Countdown Manurewa,,
15800.92,26.0,Countdown Papatoetoe,Countdown Roselands,,
13475.16,22.0,Countdown Papatoetoe,Countdown Takanini,,
10793.67,18.0,Countdown Papatoetoe,SuperValue Flatbush,,
11922.61,17.0,Countdown Papatoetoe,SuperValue Papakura,,
14811.99,23.0,Countdown Roselands,Countdown Airport,,
14135.26,23.0,Countdown Roselands,Countdown Mangere East,,
13747.44,22.0,Countdown Roselands,Countdown Mangere Mall,,
14777.900000000001,24.0,Countdown Roselands,Countdown Manurewa,,
15710.58,26.0,Countdown Roselands,Countdown Papatoetoe,,
14511.279999999999,24.0,Countdown Roselands,Countdown Takanini,,
13230.25,20.0,Countdown Roselands,SuperValue Flatbush,,
12478.77,19.0,Countdown Roselands,SuperValue Papakura,,
12486.23,19.0,Countdown Takanini,Countdown Airport,,
11809.5,19.0,Countdown Takanini,Countdown Mangere East,,
11421.68,18.0,Countdown Takanini,Countdown Mangere Mall,,
14984.33,25.0,Countdown Takanini,Countdown Manukau,,
12603.09,20.0,Countdown Takanini,Countdown Manurewa,,
13384.82,22.0,Countdown Takanini,Countdown Papatoetoe,,
14615.720000000001,24.0,Countdown Takanini,Countdown Roselands,,
11207.560000000001,16.0,Countdown Takanini,SuperValue Flatbush,,
10789.33,15.0,Countdown Takanini,SuperValue Papakura,,
10202.529999999999,15.0,SuperValue Flatbush,Countdown Airport,,
9525.8,15.0,SuperValue Flatbush,Countdown Mangere East,,
9137.98,14.0,SuperValue Flatbush,Countdown Mangere Mall,,
12349.23,21.0,SuperValue Flatbush,Countdown Manukau,,
10691.869999999999,16.0,SuperValue Flatbush,Countdown Manurewa,,
10778.52,18.0,SuperValue Flatbush,Countdown Papatoetoe,,
13487.259999999998,20.0,SuperValue Flatbush,Countdown Roselands,,
11161.5,16.0,SuperValue Flatbush,Countdown Takanini,,
9608.95,11.0,SuperValue Flatbush,SuperValue Papakura,,
10933.67,14.0,SuperValue Papakura,Countdown Airport,,
10256.939999999999,14.0,SuperValue Papakura,Countdown Mangere East,,
9869.119999999999,13.0,SuperValue Papakura,Countdown Mangere Mall,,
13431.779999999999,20.0,SuperValue Papakura,Countdown Manukau,,
11423.01,15.0,SuperValue Papakura,Countdown Manurewa,,
11832.259999999998,17.0,SuperValue Papakura,Countdown Papatoetoe,,
12633.349999999999,19.0,SuperValue Papakura,Countdown Roselands,,
10839.48,15.0,SuperValue Papakura,Countdown Takanini,,
9655.0,11.0,SuperValue Papakura,SuperValue Flatbush,,
13951.91,26.0,Countdown Airport,Countdown Mangere Mall,Countdown Mangere East,
12003.09,23.0,Countdown Mangere East,Countdown Mangere Mall,FreshChoice Mangere Bridge,
11521.130000000001,22.0,Countdown Mangere Mall,Countdown Mangere East,FreshChoice Otahuhu,
10238.8,15.0,Countdown Aviemore Drive,,,
7611.68,10.0,Countdown Botany Downs,,,
10837.94,15.0,Countdown Howick,,,
7676.389999999999,10.0,Countdown Meadowbank,,,
9300.17,16.0,Countdown Mt Wellington,,,
6623.72,9.0,Countdown Pakuranga,,,
7164.25,9.0,Countdown St Johns,,,
6316.24,6.0,FreshChoice Half Moon Bay,,,
3126.98,5.0,FreshChoice Otahuhu,,,
15084.81,25.0,Countdown Aviemore Drive,Countdown Botany Downs,,
15988.599999999999,25.0,Countdown Aviemore Drive,Countdown Meadowbank,,
14520.17,24.0,Countdown Aviemore Drive,Countdown Pakuranga,,
15319.95,24.0,Countdown Aviemore Drive,Countdown St Johns,,
13334.869999999999,21.0,Countdown Aviemore Drive,FreshChoice Half Moon Bay,,
12573.6,20.0,Countdown Aviemore Drive,FreshChoice Otahuhu,,
15039.23,25.0,Countdown Botany Downs,Countdown Aviemore Drive,,
15406.54,25.0,Countdown Botany Downs,Countdown Howick,,
13564.779999999999,20.0,Countdown Botany Downs,Countdown Meadowbank,,
15224.19,26.0,Countdown Botany Downs,Countdown Mt Wellington,,
12025.95,19.0,Countdown Botany Downs,Countdown Pakuranga,,
12896.119999999999,19.0,Countdown Botany Downs,Countdown St Johns,,
11344.91,16.0,Countdown Botany Downs,FreshChoice Half Moon Bay,,
9869.64,15.0,Countdown Botany Downs,FreshChoice Otahuhu,,
15400.189999999999,25.0,Countdown Howick,Countdown Botany Downs,,
16684.35,25.0,Countdown Howick,Countdown Meadowbank,,
15215.92,24.0,Countdown Howick,Countdown Pakuranga,,
16015.7,24.0,Countdown Howick,Countdown St Johns,,
13837.43,21.0,Countdown Howick,FreshChoice Half Moon Bay,,
13095.9,20.0,Countdown Howick,FreshChoice Otahuhu,,
15955.17,25.0,Countdown Meadowbank,Countdown Aviemore Drive,,
13604.7,20.0,Countdown Meadowbank,Countdown Botany Downs,,
16643.41,25.0,Countdown Meadowbank,Countdown Howick,,
14958.470000000001,26.0,Countdown Meadowbank,Countdown Mt Wellington,,
12440.59,19.0,Countdown Meadowbank,Countdown Pakuranga,,
12216.09,19.0,Countdown Meadowbank,Countdown St Johns,,
12032.61,16.0,Countdown Meadowbank,FreshChoice Half Moon Bay,,
9934.35,15.0,Countdown Meadowbank,FreshChoice Otahuhu,,
15246.49,26.0,Countdown Mt Wellington,Countdown Botany Downs,,
14940.16,26.0,Countdown Mt Wellington,Countdown Meadowbank,,
14110.529999999999,25.0,Countdown Mt Wellington,Countdown Pakuranga,,
14482.16,25.0,Countdown Mt Wellington,Countdown St Johns,,
13803.05,22.0,Countdown Mt Wellington,FreshChoice Half Moon Bay,,
11558.130000000001,21.0,Countdown Mt Wellington,FreshChoice Otahuhu,,
14550.6,24.0,Countdown Pakuranga,Countdown Aviemore Drive,,
12069.2,19.0,Countdown Pakuranga,Countdown Botany Downs,,
15238.84,24.0,Countdown Pakuranga,Countdown Howick,,
12474.34,19.0,Countdown Pakuranga,Countdown Meadowbank,,
14175.66,25.0,Countdown Pakuranga,Countdown Mt Wellington,,
11805.69,18.0,Countdown Pakuranga,Countdown St Johns,,
10628.04,15.0,Countdown Pakuranga,FreshChoice Half Moon Bay,,
8958.51,14.0,Countdown Pakuranga,FreshChoice Otahuhu,,
15159.06,24.0,Countdown St Johns,Countdown Aviemore Drive,,
12808.58,19.0,Countdown St Johns,Countdown Botany Downs,,
15847.29,24.0,Countdown St Johns,Countdown Howick,,
12106.04,19.0,Countdown St Johns,Countdown Meadowbank,,
14391.380000000001,25.0,Countdown St Johns,Countdown Mt Wellington,,
11644.470000000001,18.0,Countdown St Johns,Countdown Pakuranga,,
11236.5,15.0,Countdown St Johns,FreshChoice Half Moon Bay,,
9422.21,14.0,Countdown St Johns,FreshChoice Otahuhu,,
13316.17,21.0,FreshChoice Half Moon Bay,Countdown Aviemore Drive,,
11386.07,16.0,FreshChoice Half Moon Bay,Countdown Botany Downs,,
13918.23,21.0,FreshChoice Half Moon Bay,Countdown Howick,,
12066.04,16.0,FreshChoice Half Moon Bay,Countdown Meadowbank,,
13868.18,22.0,FreshChoice Half Moon Bay,Countdown Mt Wellington,,
10597.6,15.0,FreshChoice Half Moon Bay,Countdown Pakuranga,,
11397.380000000001,15.0,FreshChoice Half Moon Bay,Countdown St Johns,,
8651.03,11.0,FreshChoice Half Moon Bay,FreshChoice Otahuhu,,
12576.98,20.0,FreshChoice Otahuhu,Countdown Aviemore Drive,,
9843.3,15.0,FreshChoice Otahuhu,Countdown Botany Downs,,
13069.56,20.0,FreshChoice Otahuhu,Countdown Howick,,
9933.880000000001,15.0,FreshChoice Otahuhu,Countdown Meadowbank,,
11557.66,21.0,FreshChoice Otahuhu,Countdown Mt Wellington,,
8961.9,14.0,FreshChoice Otahuhu,Countdown Pakuranga,,
9526.86,14.0,FreshChoice Otahuhu,Countdown St Johns,,
8654.42,11.0,FreshChoice Otahuhu,FreshChoice Half Moon Bay,,
11519.84,22.0,FreshChoice Otahuhu,Countdown Mangere East,Countdown Mangere Mall,
9496.91,13.0,Countdown Auckland City,,,
8923.22,10.0,Countdown Birkenhead,,,
6652.3,9.0,Countdown Blockhouse Bay,,,
11200.95,11.0,Countdown Browns Bay,,,
9057.19,9.0,Countdown Glenfield,,,
7089.780000000001,10.0,Countdown Greenlane,,,
8231.380000000001,11.0,Countdown Grey Lynn,,,
8265.86,8.0,Countdown Hauraki Corner,,,
8606.94,10.0,Countdown Henderson,,,
9080.24,10.0,Countdown Hobsonville,,,
9824.11,14.0,Countdown Kelston,,,
8140.5,10.0,Countdown Lincoln Road,,,
6254.27,9.0,Countdown Lynfield,,,
7823.24,11.0,Countdown Lynmall,,,
10952.21,12.0,Countdown Mairangi Bay,,,
10011.0,11.0,Countdown Milford,,,
7150.4400000000005,10.0,Countdown Mt Eden,,,
6177.139999999999,9.0,Countdown Mt Roskill,,,
7236.22,9.0,Countdown Newmarket,,,
8828.49,10.0,Countdown Northcote,,,
5924.389999999999,10.0,Countdown Onehunga,,,
10357.92,16.0,Countdown Ponsonby,,,
7498.33,10.0,Countdown Pt Chevalier,,,
6191.3099999999995,8.0,Countdown St Lukes,,,
9458.98,10.0,Countdown Sunnynook,,,
8910.73,10.0,Countdown Takapuna,,,
7778.01,9.0,Countdown Te Atatu,,,
7345.5,9.0,Countdown Te Atatu South,,,
6796.88,11.0,Countdown Three Kings,,,
8479.98,11.0,Countdown Victoria Street West,,,
10703.71,15.0,Countdown Westgate,,,
5930.9400000000005,5.0,Countdown Metro Halsey Street,,,
3594.63,6.0,FreshChoice Mangere Bridge,,,
7519.9,7.0,FreshChoice Ranui,,,
7227.6,6.0,SuperValue Palomino,,,
5686.87,5.0,SuperValue Titirangi,,,
15454.07,23.0,Countdown Auckland City,Countdown Birkenhead,,
14475.46,22.0,Countdown Auckland City,Countdown Blockhouse Bay,,
17731.81,24.0,Countdown Auckland City,Countdown Browns Bay,,
15588.05,22.0,Countdown Auckland City,Countdown Glenfield,,
14379.66,23.0,Countdown Auckland City,Countdown Greenlane,,
15006.94,24.0,Countdown Auckland City,Countdown Grey Lynn,,
14796.720000000001,21.0,Countdown Auckland City,Countdown Hauraki Corner,,
15893.24,23.0,Countdown Auckland City,Countdown Henderson,,
16366.54,23.0,Countdown Auckland City,Countdown Hobsonville,,
15426.8,23.0,Countdown Auckland City,Countdown Lincoln Road,,
14206.18,22.0,Countdown Auckland City,Countdown Lynfield,,
15415.44,24.0,Countdown Auckland City,Countdown Lynmall,,
17483.07,25.0,Countdown Auckland City,Countdown Mairangi Bay,,
16541.85,24.0,Countdown Auckland City,Countdown Milford,,
14342.01,23.0,Countdown Auckland City,Countdown Mt Eden,,
14028.99,22.0,Countdown Auckland City,Countdown Mt Roskill,,
13979.46,22.0,Countdown Auckland City,Countdown Newmarket,,
15359.35,23.0,Countdown Auckland City,Countdown Northcote,,
14286.33,23.0,Countdown Auckland City,Countdown Onehunga,,
14451.26,23.0,Countdown Auckland City,Countdown Pt Chevalier,,
13430.45,21.0,Countdown Auckland City,Countdown St Lukes,,
15989.84,23.0,Countdown Auckland City,Countdown Sunnynook,,
15441.59,23.0,Countdown Auckland City,Countdown Takapuna,,
15064.310000000001,22.0,Countdown Auckland City,Countdown Te Atatu,,
14631.8,22.0,Countdown Auckland City,Countdown Te Atatu South,,
14578.7,24.0,Countdown Auckland City,Countdown Three Kings,,
14590.76,24.0,Countdown Auckland City,Countdown Victoria Street West,,
12098.880000000001,18.0,Countdown Auckland City,Countdown Metro Halsey Street,,
12430.43,19.0,Countdown Auckland City,FreshChoice Mangere Bridge,,
14806.2,20.0,Countdown Auckland City,FreshChoice Ranui,,
14513.9,19.0,Countdown Auckland City,SuperValue Palomino,,
13510.03,18.0,Countdown Auckland City,SuperValue Titirangi,,
15390.03,23.0,Countdown Birkenhead,Countdown Auckland City,,
13901.76,19.0,Countdown Birkenhead,Countdown Blockhouse Bay,,
16298.18,21.0,Countdown Birkenhead,Countdown Browns Bay,,
13692.23,19.0,Countdown Birkenhead,Countdown Glenfield,,
13804.2,20.0,Countdown Birkenhead,Countdown Greenlane,,
14073.880000000001,21.0,Countdown Birkenhead,Countdown Grey Lynn,,
13363.09,18.0,Countdown Birkenhead,Countdown Hauraki Corner,,
15319.54,20.0,Countdown Birkenhead,Countdown Henderson,,
14973.9,20.0,Countdown Birkenhead,Countdown Hobsonville,,
16744.010000000002,24.0,Countdown Birkenhead,Countdown Kelston,,
14853.1,20.0,Countdown Birkenhead,Countdown Lincoln Road,,
13632.48,19.0,Countdown Birkenhead,Countdown Lynfield,,
14841.75,21.0,Countdown Birkenhead,Countdown Lynmall,,
16049.44,22.0,Countdown Birkenhead,Countdown Mairangi Bay,,
15008.22,21.0,Countdown Birkenhead,Countdown Milford,,
13766.55,20.0,Countdown Birkenhead,Countdown Mt Eden,,
13455.29,19.0,Countdown Birkenhead,Countdown Mt Roskill,,
13404.0,19.0,Countdown Birkenhead,Countdown Newmarket,,
13700.119999999999,20.0,Countdown Birkenhead,Countdown Northcote,,
13712.64,20.0,Countdown Birkenhead,Countdown Onehunga,,
16426.67,26.0,Countdown Birkenhead,Countdown Ponsonby,,
13877.57,20.0,Countdown Birkenhead,Countdown Pt Chevalier,,
12856.76,18.0,Countdown Birkenhead,Countdown St Lukes,,
14556.21,20.0,Countdown Birkenhead,Countdown Sunnynook,,
14007.96,20.0,Countdown Birkenhead,Countdown Takapuna,,
14490.619999999999,19.0,Countdown Birkenhead,Countdown Te Atatu,,
14058.11,19.0,Countdown Birkenhead,Countdown Te Atatu South,,
14003.24,21.0,Countdown Birkenhead,Countdown Three Kings,,
14282.67,21.0,Countdown Birkenhead,Countdown Victoria Street West,,
17151.25,25.0,Countdown Birkenhead,Countdown Westgate,,
11488.029999999999,15.0,Countdown Birkenhead,Countdown Metro Halsey Street,,
11856.74,16.0,Countdown Birkenhead,FreshChoice Mangere Bridge,,
14232.5,17.0,Countdown Birkenhead,FreshChoice Ranui,,
13940.2,16.0,Countdown Birkenhead,SuperValue Palomino,,
12936.34,15.0,Countdown Birkenhead,SuperValue Titirangi,,
14431.810000000001,22.0,Countdown Blockhouse Bay,Countdown Auckland City,,
13948.65,19.0,Countdown Blockhouse Bay,Countdown Birkenhead,,
16226.39,20.0,Countdown Blockhouse Bay,Countdown Browns Bay,,
14082.630000000001,18.0,Countdown Blockhouse Bay,Countdown Glenfield,,
12800.630000000001,19.0,Countdown Blockhouse Bay,Countdown Greenlane,,
13166.27,20.0,Countdown Blockhouse Bay,Countdown Grey Lynn,,
13291.3,17.0,Countdown Blockhouse Bay,Countdown Hauraki Corner,,
13140.67,19.0,Countdown Blockhouse Bay,Countdown Henderson,,
14015.130000000001,19.0,Countdown Blockhouse Bay,Countdown Hobsonville,,
14093.720000000001,23.0,Countdown Blockhouse Bay,Countdown Kelston,,
13075.39,19.0,Countdown Blockhouse Bay,Countdown Lincoln Road,,
10849.17,18.0,Countdown Blockhouse Bay,Countdown Lynfield,,
12205.11,20.0,Countdown Blockhouse Bay,Countdown Lynmall,,
15977.65,21.0,Countdown Blockhouse Bay,Countdown Mairangi Bay,,
15036.43,20.0,Countdown Blockhouse Bay,Countdown Milford,,
12258.89,19.0,Countdown Blockhouse Bay,Countdown Mt Eden,,
11144.76,18.0,Countdown Blockhouse Bay,Countdown Mt Roskill,,
12400.43,18.0,Countdown Blockhouse Bay,Countdown Newmarket,,
13853.93,19.0,Countdown Blockhouse Bay,Countdown Northcote,,
11441.71,19.0,Countdown Blockhouse Bay,Countdown Onehunga,,
15292.81,25.0,Countdown Blockhouse Bay,Countdown Ponsonby,,
12114.18,19.0,Countdown Blockhouse Bay,Countdown Pt Chevalier,,
11033.83,17.0,Countdown Blockhouse Bay,Countdown St Lukes,,
14484.42,19.0,Countdown Blockhouse Bay,Countdown Sunnynook,,
13936.16,19.0,Countdown Blockhouse Bay,Countdown Takapuna,,
12712.91,18.0,Countdown Blockhouse Bay,Countdown Te Atatu,,
12280.39,18.0,Countdown Blockhouse Bay,Countdown Te Atatu South,,
12143.97,20.0,Countdown Blockhouse Bay,Countdown Three Kings,,
13414.880000000001,20.0,Countdown Blockhouse Bay,Countdown Victoria Street West,,
15638.6,24.0,Countdown Blockhouse Bay,Countdown Westgate,,
10824.29,14.0,Countdown Blockhouse Bay,Countdown Metro Halsey Street,,
9585.82,15.0,Countdown Blockhouse Bay,FreshChoice Mangere Bridge,,
12454.79,16.0,Countdown Blockhouse Bay,FreshChoice Ranui,,
12162.49,15.0,Countdown Blockhouse Bay,SuperValue Palomino,,
9857.98,14.0,Countdown Blockhouse Bay,SuperValue Titirangi,,
17667.77,24.0,Countdown Browns Bay,Countdown Auckland City,,
16442.53,21.0,Countdown Browns Bay,Countdown Birkenhead,,
16179.5,20.0,Countdown Browns Bay,Countdown Blockhouse Bay,,
15868.56,20.0,Countdown Browns Bay,Countdown Glenfield,,
16081.93,21.0,Countdown Browns Bay,Countdown Greenlane,,
16351.61,22.0,Countdown Browns Bay,Countdown Grey Lynn,,
15442.41,19.0,Countdown Browns Bay,Countdown Hauraki Corner,,
17186.93,21.0,Countdown Browns Bay,Countdown Henderson,,
16374.98,21.0,Countdown Browns Bay,Countdown Hobsonville,,
19047.64,25.0,Countdown Browns Bay,Countdown Kelston,,
16457.95,21.0,Countdown Browns Bay,Countdown Lincoln Road,,
15910.220000000001,20.0,Countdown Browns Bay,Countdown Lynfield,,
17274.27,22.0,Countdown Browns Bay,Countdown Lynmall,,
16761.02,23.0,Countdown Browns Bay,Countdown Mairangi Bay,,
16553.760000000002,22.0,Countdown Browns Bay,Countdown Milford,,
16044.29,21.0,Countdown Browns Bay,Countdown Mt Eden,,
15733.029999999999,20.0,Countdown Browns Bay,Countdown Mt Roskill,,
15681.73,20.0,Countdown Browns Bay,Countdown Newmarket,,
16104.369999999999,21.0,Countdown Browns Bay,Countdown Northcote,,
15990.369999999999,21.0,Countdown Browns Bay,Countdown Onehunga,,
16155.3,21.0,Countdown Browns Bay,Countdown Pt Chevalier,,
15134.49,19.0,Countdown Browns Bay,Countdown St Lukes,,
15877.01,21.0,Countdown Browns Bay,Countdown Sunnynook,,
16087.28,21.0,Countdown Browns Bay,Countdown Takapuna,,
16255.41,20.0,Countdown Browns Bay,Countdown Te Atatu,,
15925.5,20.0,Countdown Browns Bay,Countdown Te Atatu South,,
16280.98,22.0,Countdown Browns Bay,Countdown Three Kings,,
16560.4,22.0,Countdown Browns Bay,Countdown Victoria Street West,,
18552.33,26.0,Countdown Browns Bay,Countdown Westgate,,
13765.77,16.0,Countdown Browns Bay,Countdown Metro Halsey Street,,
14134.48,17.0,Countdown Browns Bay,FreshChoice Mangere Bridge,,
15837.35,18.0,Countdown Browns Bay,FreshChoice Ranui,,
15545.050000000001,17.0,Countdown Browns Bay,SuperValue Palomino,,
15214.07,16.0,Countdown Browns Bay,SuperValue Titirangi,,
15524.0,22.0,Countdown Glenfield,Countdown Auckland City,,
13826.27,19.0,Countdown Glenfield,Countdown Birkenhead,,
14035.740000000002,18.0,Countdown Glenfield,Countdown Blockhouse Bay,,
15824.4,20.0,Countdown Glenfield,Countdown Browns Bay,,
13938.17,19.0,Countdown Glenfield,Countdown Greenlane,,
14207.85,20.0,Countdown Glenfield,Countdown Grey Lynn,,
13298.65,17.0,Countdown Glenfield,Countdown Hauraki Corner,,
15189.14,19.0,Countdown Glenfield,Countdown Henderson,,
14377.18,19.0,Countdown Glenfield,Countdown Hobsonville,,
16877.98,23.0,Countdown Glenfield,Countdown Kelston,,
14460.150000000001,19.0,Countdown Glenfield,Countdown Lincoln Road,,
13766.45,18.0,Countdown Glenfield,Countdown Lynfield,,
14975.720000000001,20.0,Countdown Glenfield,Countdown Lynmall,,
15489.49,21.0,Countdown Glenfield,Countdown Mairangi Bay,,
14727.93,20.0,Countdown Glenfield,Countdown Milford,,
13900.52,19.0,Countdown Glenfield,Countdown Mt Eden,,
13589.26,18.0,Countdown Glenfield,Countdown Mt Roskill,,
13537.97,18.0,Countdown Glenfield,Countdown Newmarket,,
13766.689999999999,19.0,Countdown Glenfield,Countdown Northcote,,
13846.61,19.0,Countdown Glenfield,Countdown Onehunga,,
16560.64,25.0,Countdown Glenfield,Countdown Ponsonby,,
14011.54,19.0,Countdown Glenfield,Countdown Pt Chevalier,,
12990.73,17.0,Countdown Glenfield,Countdown St Lukes,,
14019.35,19.0,Countdown Glenfield,Countdown Sunnynook,,
13943.51,19.0,Countdown Glenfield,Countdown Takapuna,,
14257.61,18.0,Countdown Glenfield,Countdown Te Atatu,,
13927.7,18.0,Countdown Glenfield,Countdown Te Atatu South,,
14137.21,20.0,Countdown Glenfield,Countdown Three Kings,,
14416.64,20.0,Countdown Glenfield,Countdown Victoria Street West,,
16554.54,24.0,Countdown Glenfield,Countdown Westgate,,
11622.0,14.0,Countdown Glenfield,Countdown Metro Halsey Street,,
11990.710000000001,15.0,Countdown Glenfield,FreshChoice Mangere Bridge,,
13839.55,16.0,Countdown Glenfield,FreshChoice Ranui,,
13547.25,15.0,Countdown Glenfield,SuperValue Palomino,,
13070.31,14.0,Countdown Glenfield,SuperValue Titirangi,,
14112.85,23.0,Countdown Greenlane,Countdown Auckland City,,
13658.279999999999,20.0,Countdown Greenlane,Countdown Birkenhead,,
12544.25,19.0,Countdown Greenlane,Countdown Blockhouse Bay,,
15936.02,21.0,Countdown Greenlane,Countdown Browns Bay,,
13792.26,19.0,Countdown Greenlane,Countdown Glenfield,,
13174.92,21.0,Countdown Greenlane,Countdown Grey Lynn,,
13000.92,18.0,Countdown Greenlane,Countdown Hauraki Corner,,
13962.02,20.0,Countdown Greenlane,Countdown Henderson,,
14435.32,20.0,Countdown Greenlane,Countdown Hobsonville,,
15386.49,24.0,Countdown Greenlane,Countdown Kelston,,
13495.58,20.0,Countdown Greenlane,Countdown Lincoln Road,,
12274.96,19.0,Countdown Greenlane,Countdown Lynfield,,
13484.220000000001,21.0,Countdown Greenlane,Countdown Lynmall,,
15687.27,22.0,Countdown Greenlane,Countdown Mairangi Bay,,
14746.06,21.0,Countdown Greenlane,Countdown Milford,,
12036.92,20.0,Countdown Greenlane,Countdown Mt Eden,,
11713.06,19.0,Countdown Greenlane,Countdown Mt Roskill,,
11801.0,19.0,Countdown Greenlane,Countdown Newmarket,,
13563.55,20.0,Countdown Greenlane,Countdown Northcote,,
11476.48,20.0,Countdown Greenlane,Countdown Onehunga,,
15216.42,26.0,Countdown Greenlane,Countdown Ponsonby,,
12520.05,20.0,Countdown Greenlane,Countdown Pt Chevalier,,
11499.24,18.0,Countdown Greenlane,Countdown St Lukes,,
14194.04,20.0,Countdown Greenlane,Countdown Sunnynook,,
13645.79,20.0,Countdown Greenlane,Countdown Takapuna,,
13133.1,19.0,Countdown Greenlane,Countdown Te Atatu,,
12700.59,19.0,Countdown Greenlane,Countdown Te Atatu South,,
12193.05,21.0,Countdown Greenlane,Countdown Three Kings,,
13071.89,21.0,Countdown Greenlane,Countdown Victoria Street West,,
16058.79,25.0,Countdown Greenlane,Countdown Westgate,,
10666.0,15.0,Countdown Greenlane,Countdown Metro Halsey Street,,
9868.61,16.0,Countdown Greenlane,FreshChoice Mangere Bridge,,
12874.98,17.0,Countdown Greenlane,FreshChoice Ranui,,
12582.68,16.0,Countdown Greenlane,SuperValue Palomino,,
11578.82,15.0,Countdown Greenlane,SuperValue Titirangi,,
15127.89,24.0,Countdown Grey Lynn,Countdown Auckland City,,
14099.27,21.0,Countdown Grey Lynn,Countdown Birkenhead,,
13209.93,20.0,Countdown Grey Lynn,Countdown Blockhouse Bay,,
16377.01,22.0,Countdown Grey Lynn,Countdown Browns Bay,,
14233.24,20.0,Countdown Grey Lynn,Countdown Glenfield,,
13399.55,21.0,Countdown Grey Lynn,Countdown Greenlane,,
13441.91,19.0,Countdown Grey Lynn,Countdown Hauraki Corner,,
14627.71,21.0,Countdown Grey Lynn,Countdown Henderson,,
15052.720000000001,21.0,Countdown Grey Lynn,Countdown Hobsonville,,
16052.18,25.0,Countdown Grey Lynn,Countdown Kelston,,
14161.27,21.0,Countdown Grey Lynn,Countdown Lincoln Road,,
12940.65,20.0,Countdown Grey Lynn,Countdown Lynfield,,
14149.91,22.0,Countdown Grey Lynn,Countdown Lynmall,,
16128.26,23.0,Countdown Grey Lynn,Countdown Mairangi Bay,,
15187.05,22.0,Countdown Grey Lynn,Countdown Milford,,
13027.92,21.0,Countdown Grey Lynn,Countdown Mt Eden,,
12604.66,20.0,Countdown Grey Lynn,Countdown Mt Roskill,,
12999.35,20.0,Countdown Grey Lynn,Countdown Newmarket,,
14004.54,21.0,Countdown Grey Lynn,Countdown Northcote,,
13020.8,21.0,Countdown Grey Lynn,Countdown Onehunga,,
13064.74,21.0,Countdown Grey Lynn,Countdown Pt Chevalier,,
12068.130000000001,19.0,Countdown Grey Lynn,Countdown St Lukes,,
14635.029999999999,21.0,Countdown Grey Lynn,Countdown Sunnynook,,
14086.78,21.0,Countdown Grey Lynn,Countdown Takapuna,,
13798.779999999999,20.0,Countdown Grey Lynn,Countdown Te Atatu,,
13366.27,20.0,Countdown Grey Lynn,Countdown Te Atatu South,,
13723.06,22.0,Countdown Grey Lynn,Countdown Three Kings,,
13871.26,22.0,Countdown Grey Lynn,Countdown Victoria Street West,,
16724.48,26.0,Countdown Grey Lynn,Countdown Westgate,,
11113.73,16.0,Countdown Grey Lynn,Countdown Metro Halsey Street,,
11164.9,17.0,Countdown Grey Lynn,FreshChoice Mangere Bridge,,
13540.67,18.0,Countdown Grey Lynn,FreshChoice Ranui,,
13248.37,17.0,Countdown Grey Lynn,SuperValue Palomino,,
12244.5,16.0,Countdown Grey Lynn,SuperValue Titirangi,,
14732.68,21.0,Countdown Hauraki Corner,Countdown Auckland City,,
13507.439999999999,18.0,Countdown Hauraki Corner,Countdown Birkenhead,,
13244.41,17.0,Countdown Hauraki Corner,Countdown Blockhouse Bay,,
15542.52,19.0,Countdown Hauraki Corner,Countdown Browns Bay,,
13398.76,17.0,Countdown Hauraki Corner,Countdown Glenfield,,
13146.84,18.0,Countdown Hauraki Corner,Countdown Greenlane,,
13416.52,19.0,Countdown Hauraki Corner,Countdown Grey Lynn,,
14662.19,18.0,Countdown Hauraki Corner,Countdown Henderson,,
14218.23,18.0,Countdown Hauraki Corner,Countdown Hobsonville,,
16086.66,22.0,Countdown Hauraki Corner,Countdown Kelston,,
14195.75,18.0,Countdown Hauraki Corner,Countdown Lincoln Road,,
12975.130000000001,17.0,Countdown Hauraki Corner,Countdown Lynfield,,
14184.39,19.0,Countdown Hauraki Corner,Countdown Lynmall,,
15293.77,20.0,Countdown Hauraki Corner,Countdown Mairangi Bay,,
13844.05,19.0,Countdown Hauraki Corner,Countdown Milford,,
13109.2,18.0,Countdown Hauraki Corner,Countdown Mt Eden,,
12797.939999999999,17.0,Countdown Hauraki Corner,Countdown Mt Roskill,,
12746.65,17.0,Countdown Hauraki Corner,Countdown Newmarket,,
13237.61,18.0,Countdown Hauraki Corner,Countdown Northcote,,
13055.279999999999,18.0,Countdown Hauraki Corner,Countdown Onehunga,,
15769.32,24.0,Countdown Hauraki Corner,Countdown Ponsonby,,
13220.220000000001,18.0,Countdown Hauraki Corner,Countdown Pt Chevalier,,
12199.4,16.0,Countdown Hauraki Corner,Countdown St Lukes,,
13800.54,18.0,Countdown Hauraki Corner,Countdown Sunnynook,,
12962.09,18.0,Countdown Hauraki Corner,Countdown Takapuna,,
13833.26,17.0,Countdown Hauraki Corner,Countdown Te Atatu,,
13400.75,17.0,Countdown Hauraki Corner,Countdown Te Atatu South,,
13345.89,19.0,Countdown Hauraki Corner,Countdown Three Kings,,
13625.31,19.0,Countdown Hauraki Corner,Countdown Victoria Street West,,
16395.58,23.0,Countdown Hauraki Corner,Countdown Westgate,,
10830.68,13.0,Countdown Hauraki Corner,Countdown Metro Halsey Street,,
11199.39,14.0,Countdown Hauraki Corner,FreshChoice Mangere Bridge,,
13575.15,15.0,Countdown Hauraki Corner,FreshChoice Ranui,,
13282.85,14.0,Countdown Hauraki Corner,SuperValue Palomino,,
12278.99,13.0,Countdown Hauraki Corner,SuperValue Titirangi,,
15850.380000000001,23.0,Countdown Henderson,Countdown Auckland City,,
15367.22,20.0,Countdown Henderson,Countdown Birkenhead,,
13113.310000000001,19.0,Countdown Henderson,Countdown Blockhouse Bay,,
17114.3,21.0,Countdown Henderson,Countdown Browns Bay,,
15344.720000000001,19.0,Countdown Henderson,Countdown Glenfield,,
14219.2,20.0,Countdown Henderson,Countdown Greenlane,,
14584.85,21.0,Countdown Henderson,Countdown Grey Lynn,,
14709.87,18.0,Countdown Henderson,Countdown Hauraki Corner,,
14655.12,20.0,Countdown Henderson,Countdown Hobsonville,,
15246.74,24.0,Countdown Henderson,Countdown Kelston,,
13334.779999999999,20.0,Countdown Henderson,Countdown Lincoln Road,,
13316.2,19.0,Countdown Henderson,Countdown Lynfield,,
13800.11,21.0,Countdown Henderson,Countdown Lynmall,,
16834.46,22.0,Countdown Henderson,Countdown Mairangi Bay,,
16492.68,21.0,Countdown Henderson,Countdown Milford,,
13947.33,20.0,Countdown Henderson,Countdown Mt Eden,,
13139.01,19.0,Countdown Henderson,Countdown Mt Roskill,,
13819.01,19.0,Countdown Henderson,Countdown Newmarket,,
15272.5,20.0,Countdown Henderson,Countdown Northcote,,
13396.349999999999,20.0,Countdown Henderson,Countdown Onehunga,,
16711.38,26.0,Countdown Henderson,Countdown Ponsonby,,
13615.35,20.0,Countdown Henderson,Countdown Pt Chevalier,,
12875.89,18.0,Countdown Henderson,Countdown St Lukes,,
15512.36,20.0,Countdown Henderson,Countdown Sunnynook,,
15354.74,20.0,Countdown Henderson,Countdown Takapuna,,
13312.94,19.0,Countdown Henderson,Countdown Te Atatu,,
12657.01,19.0,Countdown Henderson,Countdown Te Atatu South,,
14098.61,21.0,Countdown Henderson,Countdown Three Kings,,
14833.45,21.0,Countdown Henderson,Countdown Victoria Street West,,
16278.59,25.0,Countdown Henderson,Countdown Westgate,,
12242.86,15.0,Countdown Henderson,Countdown Metro Halsey Street,,
11540.46,16.0,Countdown Henderson,FreshChoice Mangere Bridge,,
12511.36,17.0,Countdown Henderson,FreshChoice Ranui,,
11896.17,16.0,Countdown Henderson,SuperValue Palomino,,
11432.14,15.0,Countdown Henderson,SuperValue Titirangi,,
16323.69,23.0,Countdown Hobsonville,Countdown Auckland City,,
15276.22,20.0,Countdown Hobsonville,Countdown Birkenhead,,
14058.79,19.0,Countdown Hobsonville,Countdown Blockhouse Bay,,
16471.83,21.0,Countdown Hobsonville,Countdown Browns Bay,,
14702.25,19.0,Countdown Hobsonville,Countdown Glenfield,,
14692.51,20.0,Countdown Hobsonville,Countdown Greenlane,,
15058.15,21.0,Countdown Hobsonville,Countdown Grey Lynn,,
14276.1,18.0,Countdown Hobsonville,Countdown Hauraki Corner,,
14750.970000000001,20.0,Countdown Hobsonville,Countdown Henderson,,
16611.67,24.0,Countdown Hobsonville,Countdown Kelston,,
14021.990000000002,20.0,Countdown Hobsonville,Countdown Lincoln Road,,
13789.509999999998,19.0,Countdown Hobsonville,Countdown Lynfield,,
14838.310000000001,21.0,Countdown Hobsonville,Countdown Lynmall,,
16192.0,22.0,Countdown Hobsonville,Countdown Mairangi Bay,,
15850.21,21.0,Countdown Hobsonville,Countdown Milford,,
14420.64,20.0,Countdown Hobsonville,Countdown Mt Eden,,
13612.32,19.0,Countdown Hobsonville,Countdown Mt Roskill,,
14292.31,19.0,Countdown Hobsonville,Countdown Newmarket,,
14938.06,20.0,Countdown Hobsonville,Countdown Northcote,,
13869.66,20.0,Countdown Hobsonville,Countdown Onehunga,,
17184.69,26.0,Countdown Hobsonville,Countdown Ponsonby,,
14088.66,20.0,Countdown Hobsonville,Countdown Pt Chevalier,,
13349.19,18.0,Countdown Hobsonville,Countdown St Lukes,,
14869.89,20.0,Countdown Hobsonville,Countdown Sunnynook,,
14920.970000000001,20.0,Countdown Hobsonville,Countdown Takapuna,,
13819.44,19.0,Countdown Hobsonville,Countdown Te Atatu,,
13489.529999999999,19.0,Countdown Hobsonville,Countdown Te Atatu South,,
14571.92,21.0,Countdown Hobsonville,Countdown Three Kings,,
15306.75,21.0,Countdown Hobsonville,Countdown Victoria Street West,,
16116.37,25.0,Countdown Hobsonville,Countdown Westgate,,
12599.46,15.0,Countdown Hobsonville,Countdown Metro Halsey Street,,
12013.76,16.0,Countdown Hobsonville,FreshChoice Mangere Bridge,,
13401.380000000001,17.0,Countdown Hobsonville,FreshChoice Ranui,,
13109.09,16.0,Countdown Hobsonville,SuperValue Palomino,,
12892.220000000001,15.0,Countdown Hobsonville,SuperValue Titirangi,,
16882.11,24.0,Countdown Kelston,Countdown Birkenhead,,
14076.4,23.0,Countdown Kelston,Countdown Blockhouse Bay,,
19030.82,25.0,Countdown Kelston,Countdown Browns Bay,,
17016.09,23.0,Countdown Kelston,Countdown Glenfield,,
15734.09,24.0,Countdown Kelston,Countdown Greenlane,,
16099.73,25.0,Countdown Kelston,Countdown Grey Lynn,,
16224.75,22.0,Countdown Kelston,Countdown Hauraki Corner,,
15263.4,24.0,Countdown Kelston,Countdown Henderson,,
16571.64,24.0,Countdown Kelston,Countdown Hobsonville,,
15423.99,24.0,Countdown Kelston,Countdown Lincoln Road,,
14108.720000000001,23.0,Countdown Kelston,Countdown Lynfield,,
14919.42,25.0,Countdown Kelston,Countdown Lynmall,,
18750.98,26.0,Countdown Kelston,Countdown Mairangi Bay,,
17969.89,25.0,Countdown Kelston,Countdown Milford,,
15303.35,24.0,Countdown Kelston,Countdown Mt Eden,,
14262.92,23.0,Countdown Kelston,Countdown Mt Roskill,,
15333.89,23.0,Countdown Kelston,Countdown Newmarket,,
16787.38,24.0,Countdown Kelston,Countdown Northcote,,
14613.529999999999,24.0,Countdown Kelston,Countdown Onehunga,,
15013.84,24.0,Countdown Kelston,Countdown Pt Chevalier,,
14091.13,22.0,Countdown Kelston,Countdown St Lukes,,
17428.88,24.0,Countdown Kelston,Countdown Sunnynook,,
16869.620000000003,24.0,Countdown Kelston,Countdown Takapuna,,
15229.46,23.0,Countdown Kelston,Countdown Te Atatu,,
14573.529999999999,23.0,Countdown Kelston,Countdown Te Atatu South,,
15315.79,25.0,Countdown Kelston,Countdown Three Kings,,
16348.34,25.0,Countdown Kelston,Countdown Victoria Street West,,
13757.75,19.0,Countdown Kelston,Countdown Metro Halsey Street,,
12757.63,20.0,Countdown Kelston,FreshChoice Mangere Bridge,,
14635.81,21.0,Countdown Kelston,FreshChoice Ranui,,
14020.619999999999,20.0,Countdown Kelston,SuperValue Palomino,,
12477.5,19.0,Countdown Kelston,SuperValue Titirangi,,
15383.94,23.0,Countdown Lincoln Road,Countdown Auckland City,,
14900.79,20.0,Countdown Lincoln Road,Countdown Birkenhead,,
13119.05,19.0,Countdown Lincoln Road,Countdown Blockhouse Bay,,
16397.41,21.0,Countdown Lincoln Road,Countdown Browns Bay,,
14627.83,19.0,Countdown Lincoln Road,Countdown Glenfield,,
13752.77,20.0,Countdown Lincoln Road,Countdown Greenlane,,
14118.41,21.0,Countdown Lincoln Road,Countdown Grey Lynn,,
14201.68,18.0,Countdown Lincoln Road,Countdown Hauraki Corner,,
13349.130000000001,20.0,Countdown Lincoln Road,Countdown Henderson,,
13938.24,20.0,Countdown Lincoln Road,Countdown Hobsonville,,
15433.01,24.0,Countdown Lincoln Road,Countdown Kelston,,
12849.759999999998,19.0,Countdown Lincoln Road,Countdown Lynfield,,
13898.560000000001,21.0,Countdown Lincoln Road,Countdown Lynmall,,
16117.58,22.0,Countdown Lincoln Road,Countdown Mairangi Bay,,
15775.79,21.0,Countdown Lincoln Road,Countdown Milford,,
13480.89,20.0,Countdown Lincoln Road,Countdown Mt Eden,,
12672.57,19.0,Countdown Lincoln Road,Countdown Mt Roskill,,
13352.57,19.0,Countdown Lincoln Road,Countdown Newmarket,,
14863.64,20.0,Countdown Lincoln Road,Countdown Northcote,,
12929.92,20.0,Countdown Lincoln Road,Countdown Onehunga,,
16244.939999999999,26.0,Countdown Lincoln Road,Countdown Ponsonby,,
13148.91,20.0,Countdown Lincoln Road,Countdown Pt Chevalier,,
12409.45,18.0,Countdown Lincoln Road,Countdown St Lukes,,
14795.48,20.0,Countdown Lincoln Road,Countdown Sunnynook,,
14846.55,20.0,Countdown Lincoln Road,Countdown Takapuna,,
12879.7,19.0,Countdown Lincoln Road,Countdown Te Atatu,,
12356.720000000001,19.0,Countdown Lincoln Road,Countdown Te Atatu South,,
13632.17,21.0,Countdown Lincoln Road,Countdown Three Kings,,
14367.01,21.0,Countdown Lincoln Road,Countdown Victoria Street West,,
15561.7,25.0,Countdown Lincoln Road,Countdown Westgate,,
11776.42,15.0,Countdown Lincoln Road,Countdown Metro Halsey Street,,
11074.02,16.0,Countdown Lincoln Road,FreshChoice Mangere Bridge,,
12085.119999999999,17.0,Countdown Lincoln Road,FreshChoice Ranui,,
11792.82,16.0,Countdown Lincoln Road,SuperValue Palomino,,
11618.41,15.0,Countdown Lincoln Road,SuperValue Titirangi,,
14179.78,22.0,Countdown Lynfield,Countdown Auckland City,,
13696.630000000001,19.0,Countdown Lynfield,Countdown Birkenhead,,
10855.67,18.0,Countdown Lynfield,Countdown Blockhouse Bay,,
15974.36,20.0,Countdown Lynfield,Countdown Browns Bay,,
13830.6,18.0,Countdown Lynfield,Countdown Glenfield,,
12548.6,19.0,Countdown Lynfield,Countdown Greenlane,,
12914.25,20.0,Countdown Lynfield,Countdown Grey Lynn,,
13039.27,17.0,Countdown Lynfield,Countdown Hauraki Corner,,
13289.8,19.0,Countdown Lynfield,Countdown Henderson,,
13763.11,19.0,Countdown Lynfield,Countdown Hobsonville,,
14123.57,23.0,Countdown Lynfield,Countdown Kelston,,
12823.369999999999,19.0,Countdown Lynfield,Countdown Lincoln Road,,
12247.119999999999,20.0,Countdown Lynfield,Countdown Lynmall,,
15725.619999999999,21.0,Countdown Lynfield,Countdown Mairangi Bay,,
14784.41,20.0,Countdown Lynfield,Countdown Milford,,
11948.060000000001,19.0,Countdown Lynfield,Countdown Mt Eden,,
10821.369999999999,18.0,Countdown Lynfield,Countdown Mt Roskill,,
12148.41,18.0,Countdown Lynfield,Countdown Newmarket,,
13601.9,19.0,Countdown Lynfield,Countdown Northcote,,
11043.68,19.0,Countdown Lynfield,Countdown Onehunga,,
15040.779999999999,25.0,Countdown Lynfield,Countdown Ponsonby,,
11960.08,19.0,Countdown Lynfield,Countdown Pt Chevalier,,
10781.81,17.0,Countdown Lynfield,Countdown St Lukes,,
14232.39,19.0,Countdown Lynfield,Countdown Sunnynook,,
13684.14,19.0,Countdown Lynfield,Countdown Takapuna,,
12460.880000000001,18.0,Countdown Lynfield,Countdown Te Atatu,,
12028.369999999999,18.0,Countdown Lynfield,Countdown Te Atatu South,,
11639.51,20.0,Countdown Lynfield,Countdown Three Kings,,
13162.85,20.0,Countdown Lynfield,Countdown Victoria Street West,,
15386.58,24.0,Countdown Lynfield,Countdown Westgate,,
10572.26,14.0,Countdown Lynfield,Countdown Metro Halsey Street,,
9187.79,15.0,Countdown Lynfield,FreshChoice Mangere Bridge,,
12202.76,16.0,Countdown Lynfield,FreshChoice Ranui,,
11910.47,15.0,Countdown Lynfield,SuperValue Palomino,,
9937.09,14.0,Countdown Lynfield,SuperValue Titirangi,,
15467.34,24.0,Countdown Lynmall,Countdown Auckland City,,
14984.18,21.0,Countdown Lynmall,Countdown Birkenhead,,
12232.44,20.0,Countdown Lynmall,Countdown Blockhouse Bay,,
17261.18,22.0,Countdown Lynmall,Countdown Browns Bay,,
15118.16,20.0,Countdown Lynmall,Countdown Glenfield,,
13836.16,21.0,Countdown Lynmall,Countdown Greenlane,,
14201.8,22.0,Countdown Lynmall,Countdown Grey Lynn,,
14326.83,19.0,Countdown Lynmall,Countdown Hauraki Corner,,
13809.4,21.0,Countdown Lynmall,Countdown Henderson,,
14802.0,21.0,Countdown Lynmall,Countdown Hobsonville,,
14873.8,25.0,Countdown Lynmall,Countdown Kelston,,
13862.26,21.0,Countdown Lynmall,Countdown Lincoln Road,,
12232.06,20.0,Countdown Lynmall,Countdown Lynfield,,
16981.34,23.0,Countdown Lynmall,Countdown Mairangi Bay,,
16071.96,22.0,Countdown Lynmall,Countdown Milford,,
13302.48,21.0,Countdown Lynmall,Countdown Mt Eden,,
12262.05,20.0,Countdown Lynmall,Countdown Mt Roskill,,
13435.96,20.0,Countdown Lynmall,Countdown Newmarket,,
14889.46,21.0,Countdown Lynmall,Countdown Northcote,,
12612.66,21.0,Countdown Lynmall,Countdown Onehunga,,
13125.94,21.0,Countdown Lynmall,Countdown Pt Chevalier,,
12090.27,19.0,Countdown Lynmall,Countdown St Lukes,,
15659.24,21.0,Countdown Lynmall,Countdown Sunnynook,,
14971.69,21.0,Countdown Lynmall,Countdown Takapuna,,
13499.77,20.0,Countdown Lynmall,Countdown Te Atatu,,
13067.26,20.0,Countdown Lynmall,Countdown Te Atatu South,,
13314.92,22.0,Countdown Lynmall,Countdown Three Kings,,
14450.41,22.0,Countdown Lynmall,Countdown Victoria Street West,,
16425.47,26.0,Countdown Lynmall,Countdown Westgate,,
11859.82,16.0,Countdown Lynmall,Countdown Metro Halsey Street,,
10756.76,17.0,Countdown Lynmall,FreshChoice Mangere Bridge,,
13241.66,18.0,Countdown Lynmall,FreshChoice Ranui,,
12566.62,17.0,Countdown Lynmall,SuperValue Palomino,,
10915.86,16.0,Countdown Lynmall,SuperValue Titirangi,,
17419.02,25.0,Countdown Mairangi Bay,Countdown Auckland City,,
16193.79,22.0,Countdown Mairangi Bay,Countdown Birkenhead,,
15930.76,21.0,Countdown Mairangi Bay,Countdown Blockhouse Bay,,
16761.0,23.0,Countdown Mairangi Bay,Countdown Browns Bay,,
15500.43,21.0,Countdown Mairangi Bay,Countdown Glenfield,,
15833.189999999999,22.0,Countdown Mairangi Bay,Countdown Greenlane,,
16102.87,23.0,Countdown Mairangi Bay,Countdown Grey Lynn,,
15193.67,20.0,Countdown Mairangi Bay,Countdown Hauraki Corner,,
16889.21,22.0,Countdown Mairangi Bay,Countdown Henderson,,
16077.26,22.0,Countdown Mairangi Bay,Countdown Hobsonville,,
18749.92,26.0,Countdown Mairangi Bay,Countdown Kelston,,
16160.23,22.0,Countdown Mairangi Bay,Countdown Lincoln Road,,
15661.48,21.0,Countdown Mairangi Bay,Countdown Lynfield,,
16976.55,23.0,Countdown Mairangi Bay,Countdown Lynmall,,
16144.97,23.0,Countdown Mairangi Bay,Countdown Milford,,
15795.54,22.0,Countdown Mairangi Bay,Countdown Mt Eden,,
15484.29,21.0,Countdown Mairangi Bay,Countdown Mt Roskill,,
15432.99,21.0,Countdown Mairangi Bay,Countdown Newmarket,,
15855.63,22.0,Countdown Mairangi Bay,Countdown Northcote,,
15741.630000000001,22.0,Countdown Mairangi Bay,Countdown Onehunga,,
15906.560000000001,22.0,Countdown Mairangi Bay,Countdown Pt Chevalier,,
14885.75,20.0,Countdown Mairangi Bay,Countdown St Lukes,,
15468.22,22.0,Countdown Mairangi Bay,Countdown Sunnynook,,
15838.54,22.0,Countdown Mairangi Bay,Countdown Takapuna,,
15957.69,21.0,Countdown Mairangi Bay,Countdown Te Atatu,,
15627.779999999999,21.0,Countdown Mairangi Bay,Countdown Te Atatu South,,
16032.23,23.0,Countdown Mairangi Bay,Countdown Three Kings,,
16311.66,23.0,Countdown Mairangi Bay,Countdown Victoria Street West,,
13517.02,17.0,Countdown Mairangi Bay,Countdown Metro Halsey Street,,
13885.73,18.0,Countdown Mairangi Bay,FreshChoice Mangere Bridge,,
15539.63,19.0,Countdown Mairangi Bay,FreshChoice Ranui,,
15247.33,18.0,Countdown Mairangi Bay,SuperValue Palomino,,
15030.47,17.0,Countdown Mairangi Bay,SuperValue Titirangi,,
16477.81,24.0,Countdown Milford,Countdown Auckland City,,
15252.57,21.0,Countdown Milford,Countdown Birkenhead,,
14989.55,20.0,Countdown Milford,Countdown Blockhouse Bay,,
16577.83,22.0,Countdown Milford,Countdown Browns Bay,,
14800.54,20.0,Countdown Milford,Countdown Glenfield,,
14891.98,21.0,Countdown Milford,Countdown Greenlane,,
15161.66,22.0,Countdown Milford,Countdown Grey Lynn,,
13869.0,19.0,Countdown Milford,Countdown Hauraki Corner,,
16407.32,21.0,Countdown Milford,Countdown Henderson,,
15759.53,21.0,Countdown Milford,Countdown Hobsonville,,
17831.8,25.0,Countdown Milford,Countdown Kelston,,
15842.5,21.0,Countdown Milford,Countdown Lincoln Road,,
14720.27,20.0,Countdown Milford,Countdown Lynfield,,
15929.53,22.0,Countdown Milford,Countdown Lynmall,,
16192.220000000001,23.0,Countdown Milford,Countdown Mairangi Bay,,
14854.33,21.0,Countdown Milford,Countdown Mt Eden,,
14543.08,20.0,Countdown Milford,Countdown Mt Roskill,,
14491.78,20.0,Countdown Milford,Countdown Newmarket,,
14871.54,21.0,Countdown Milford,Countdown Northcote,,
14800.419999999998,21.0,Countdown Milford,Countdown Onehunga,,
14965.35,21.0,Countdown Milford,Countdown Pt Chevalier,,
13944.539999999999,19.0,Countdown Milford,Countdown St Lukes,,
15014.06,21.0,Countdown Milford,Countdown Sunnynook,,
14580.7,21.0,Countdown Milford,Countdown Takapuna,,
15639.96,20.0,Countdown Milford,Countdown Te Atatu,,
15145.89,20.0,Countdown Milford,Countdown Te Atatu South,,
15091.02,22.0,Countdown Milford,Countdown Three Kings,,
15370.45,22.0,Countdown Milford,Countdown Victoria Street West,,
17936.89,26.0,Countdown Milford,Countdown Westgate,,
12575.810000000001,16.0,Countdown Milford,Countdown Metro Halsey Street,,
12944.52,17.0,Countdown Milford,FreshChoice Mangere Bridge,,
15221.9,18.0,Countdown Milford,FreshChoice Ranui,,
14929.6,17.0,Countdown Milford,SuperValue Palomino,,
14024.12,16.0,Countdown Milford,SuperValue Titirangi,,
14357.02,23.0,Countdown Mt Eden,Countdown Auckland City,,
13902.45,20.0,Countdown Mt Eden,Countdown Birkenhead,,
12544.630000000001,19.0,Countdown Mt Eden,Countdown Blockhouse Bay,,
16180.19,21.0,Countdown Mt Eden,Countdown Browns Bay,,
14036.43,19.0,Countdown Mt Eden,Countdown Glenfield,,
12289.58,20.0,Countdown Mt Eden,Countdown Greenlane,,
13121.33,21.0,Countdown Mt Eden,Countdown Grey Lynn,,
13245.09,18.0,Countdown Mt Eden,Countdown Hauraki Corner,,
13962.41,20.0,Countdown Mt Eden,Countdown Henderson,,
14435.710000000001,20.0,Countdown Mt Eden,Countdown Hobsonville,,
15386.880000000001,24.0,Countdown Mt Eden,Countdown Kelston,,
13495.970000000001,20.0,Countdown Mt Eden,Countdown Lincoln Road,,
11977.34,19.0,Countdown Mt Eden,Countdown Lynfield,,
13370.23,21.0,Countdown Mt Eden,Countdown Lynmall,,
15931.44,22.0,Countdown Mt Eden,Countdown Mairangi Bay,,
14990.23,21.0,Countdown Mt Eden,Countdown Milford,,
11563.64,19.0,Countdown Mt Eden,Countdown Mt Roskill,,
12019.66,19.0,Countdown Mt Eden,Countdown Newmarket,,
13807.720000000001,20.0,Countdown Mt Eden,Countdown Northcote,,
11939.86,20.0,Countdown Mt Eden,Countdown Onehunga,,
15100.34,26.0,Countdown Mt Eden,Countdown Ponsonby,,
12444.310000000001,20.0,Countdown Mt Eden,Countdown Pt Chevalier,,
11076.880000000001,18.0,Countdown Mt Eden,Countdown St Lukes,,
14438.21,20.0,Countdown Mt Eden,Countdown Sunnynook,,
13889.960000000001,20.0,Countdown Mt Eden,Countdown Takapuna,,
13133.490000000002,19.0,Countdown Mt Eden,Countdown Te Atatu,,
12700.98,19.0,Countdown Mt Eden,Countdown Te Atatu South,,
12256.98,21.0,Countdown Mt Eden,Countdown Three Kings,,
13142.91,21.0,Countdown Mt Eden,Countdown Victoria Street West,,
16059.18,25.0,Countdown Mt Eden,Countdown Westgate,,
10910.17,15.0,Countdown Mt Eden,Countdown Metro Halsey Street,,
10083.96,16.0,Countdown Mt Eden,FreshChoice Mangere Bridge,,
12875.37,17.0,Countdown Mt Eden,FreshChoice Ranui,,
12583.07,16.0,Countdown Mt Eden,SuperValue Palomino,,
11579.21,15.0,Countdown Mt Eden,SuperValue Titirangi,,
14095.16,22.0,Countdown Mt Roskill,Countdown Auckland City,,
13612.01,19.0,Countdown Mt Roskill,Countdown Birkenhead,,
11203.17,18.0,Countdown Mt Roskill,Countdown Blockhouse Bay,,
15889.74,20.0,Countdown Mt Roskill,Countdown Browns Bay,,
13745.98,18.0,Countdown Mt Roskill,Countdown Glenfield,,
11964.69,19.0,Countdown Mt Roskill,Countdown Greenlane,,
12829.630000000001,20.0,Countdown Mt Roskill,Countdown Grey Lynn,,
12954.65,17.0,Countdown Mt Roskill,Countdown Hauraki Corner,,
13205.18,19.0,Countdown Mt Roskill,Countdown Henderson,,
13678.49,19.0,Countdown Mt Roskill,Countdown Hobsonville,,
14332.1,23.0,Countdown Mt Roskill,Countdown Kelston,,
12738.75,19.0,Countdown Mt Roskill,Countdown Lincoln Road,,
10854.1,18.0,Countdown Mt Roskill,Countdown Lynfield,,
12331.23,20.0,Countdown Mt Roskill,Countdown Lynmall,,
15641.0,21.0,Countdown Mt Roskill,Countdown Mairangi Bay,,
14699.79,20.0,Countdown Mt Roskill,Countdown Milford,,
11570.01,19.0,Countdown Mt Roskill,Countdown Mt Eden,,
11781.94,18.0,Countdown Mt Roskill,Countdown Newmarket,,
13517.279999999999,19.0,Countdown Mt Roskill,Countdown Northcote,,
10966.56,19.0,Countdown Mt Roskill,Countdown Onehunga,,
14773.93,25.0,Countdown Mt Roskill,Countdown Ponsonby,,
11765.39,19.0,Countdown Mt Roskill,Countdown Pt Chevalier,,
10391.029999999999,17.0,Countdown Mt Roskill,Countdown St Lukes,,
14147.77,19.0,Countdown Mt Roskill,Countdown Sunnynook,,
13599.52,19.0,Countdown Mt Roskill,Countdown Takapuna,,
12376.26,18.0,Countdown Mt Roskill,Countdown Te Atatu,,
11943.75,18.0,Countdown Mt Roskill,Countdown Te Atatu South,,
11425.66,20.0,Countdown Mt Roskill,Countdown Three Kings,,
13078.23,20.0,Countdown Mt Roskill,Countdown Victoria Street West,,
15301.95,24.0,Countdown Mt Roskill,Countdown Westgate,,
10487.64,14.0,Countdown Mt Roskill,Countdown Metro Halsey Street,,
9110.66,15.0,Countdown Mt Roskill,FreshChoice Mangere Bridge,,
12118.14,16.0,Countdown Mt Roskill,FreshChoice Ranui,,
11825.85,15.0,Countdown Mt Roskill,SuperValue Palomino,,
10237.74,14.0,Countdown Mt Roskill,SuperValue Titirangi,,
13783.369999999999,22.0,Countdown Newmarket,Countdown Auckland City,,
13328.8,19.0,Countdown Newmarket,Countdown Birkenhead,,
12214.77,18.0,Countdown Newmarket,Countdown Blockhouse Bay,,
15606.54,20.0,Countdown Newmarket,Countdown Browns Bay,,
13462.78,18.0,Countdown Newmarket,Countdown Glenfield,,
11846.27,19.0,Countdown Newmarket,Countdown Greenlane,,
12845.44,20.0,Countdown Newmarket,Countdown Grey Lynn,,
12671.45,17.0,Countdown Newmarket,Countdown Hauraki Corner,,
13632.55,19.0,Countdown Newmarket,Countdown Henderson,,
14105.85,19.0,Countdown Newmarket,Countdown Hobsonville,,
15057.02,23.0,Countdown Newmarket,Countdown Kelston,,
13166.11,19.0,Countdown Newmarket,Countdown Lincoln Road,,
11945.49,18.0,Countdown Newmarket,Countdown Lynfield,,
13154.75,20.0,Countdown Newmarket,Countdown Lynmall,,
15357.8,21.0,Countdown Newmarket,Countdown Mairangi Bay,,
14416.58,20.0,Countdown Newmarket,Countdown Milford,,
11732.82,19.0,Countdown Newmarket,Countdown Mt Eden,,
11768.3,18.0,Countdown Newmarket,Countdown Mt Roskill,,
13234.08,19.0,Countdown Newmarket,Countdown Northcote,,
12025.64,19.0,Countdown Newmarket,Countdown Onehunga,,
14886.939999999999,25.0,Countdown Newmarket,Countdown Ponsonby,,
12190.57,19.0,Countdown Newmarket,Countdown Pt Chevalier,,
11169.76,17.0,Countdown Newmarket,Countdown St Lukes,,
13864.57,19.0,Countdown Newmarket,Countdown Sunnynook,,
13316.32,19.0,Countdown Newmarket,Countdown Takapuna,,
12803.619999999999,18.0,Countdown Newmarket,Countdown Te Atatu,,
12371.11,18.0,Countdown Newmarket,Countdown Te Atatu South,,
12012.91,20.0,Countdown Newmarket,Countdown Three Kings,,
12742.42,20.0,Countdown Newmarket,Countdown Victoria Street West,,
15729.32,24.0,Countdown Newmarket,Countdown Westgate,,
10336.529999999999,14.0,Countdown Newmarket,Countdown Metro Halsey Street,,
10169.75,15.0,Countdown Newmarket,FreshChoice Mangere Bridge,,
12545.51,16.0,Countdown Newmarket,FreshChoice Ranui,,
12253.21,15.0,Countdown Newmarket,SuperValue Palomino,,
11249.34,14.0,Countdown Newmarket,SuperValue Titirangi,,
15295.3,23.0,Countdown Northcote,Countdown Auckland City,,
13783.67,20.0,Countdown Northcote,Countdown Birkenhead,,
13807.04,19.0,Countdown Northcote,Countdown Blockhouse Bay,,
16042.45,21.0,Countdown Northcote,Countdown Browns Bay,,
13701.83,19.0,Countdown Northcote,Countdown Glenfield,,
13709.470000000001,20.0,Countdown Northcote,Countdown Greenlane,,
13979.15,21.0,Countdown Northcote,Countdown Grey Lynn,,
13133.83,18.0,Countdown Northcote,Countdown Hauraki Corner,,
15224.81,20.0,Countdown Northcote,Countdown Henderson,,
14718.17,20.0,Countdown Northcote,Countdown Hobsonville,,
16649.29,24.0,Countdown Northcote,Countdown Kelston,,
14758.380000000001,20.0,Countdown Northcote,Countdown Lincoln Road,,
13537.759999999998,19.0,Countdown Northcote,Countdown Lynfield,,
14747.02,21.0,Countdown Northcote,Countdown Lynmall,,
15793.71,22.0,Countdown Northcote,Countdown Mairangi Bay,,
14796.92,21.0,Countdown Northcote,Countdown Milford,,
13671.82,20.0,Countdown Northcote,Countdown Mt Eden,,
13360.57,19.0,Countdown Northcote,Countdown Mt Roskill,,
13309.27,19.0,Countdown Northcote,Countdown Newmarket,,
13617.91,20.0,Countdown Northcote,Countdown Onehunga,,
16331.939999999999,26.0,Countdown Northcote,Countdown Ponsonby,,
13782.84,20.0,Countdown Northcote,Countdown Pt Chevalier,,
12762.03,18.0,Countdown Northcote,Countdown St Lukes,,
14300.48,20.0,Countdown Northcote,Countdown Sunnynook,,
13778.69,20.0,Countdown Northcote,Countdown Takapuna,,
14395.89,19.0,Countdown Northcote,Countdown Te Atatu,,
13963.380000000001,19.0,Countdown Northcote,Countdown Te Atatu South,,
13908.51,21.0,Countdown Northcote,Countdown Three Kings,,
14187.94,21.0,Countdown Northcote,Countdown Victoria Street West,,
16895.52,25.0,Countdown Northcote,Countdown Westgate,,
11393.3,15.0,Countdown Northcote,Countdown Metro Halsey Street,,
11762.01,16.0,Countdown Northcote,FreshChoice Mangere Bridge,,
14137.77,17.0,Countdown Northcote,FreshChoice Ranui,,
13845.48,16.0,Countdown Northcote,SuperValue Palomino,,
12841.61,15.0,Countdown Northcote,SuperValue Titirangi,,
14543.77,23.0,Countdown Onehunga,Countdown Auckland City,,
13740.57,20.0,Countdown Onehunga,Countdown Birkenhead,,
11699.15,19.0,Countdown Onehunga,Countdown Blockhouse Bay,,
16018.310000000001,21.0,Countdown Onehunga,Countdown Browns Bay,,
13874.54,19.0,Countdown Onehunga,Countdown Glenfield,,
11798.95,20.0,Countdown Onehunga,Countdown Greenlane,,
13278.23,21.0,Countdown Onehunga,Countdown Grey Lynn,,
13083.21,18.0,Countdown Onehunga,Countdown Hauraki Corner,,
13653.79,20.0,Countdown Onehunga,Countdown Henderson,,
14127.09,20.0,Countdown Onehunga,Countdown Hobsonville,,
14870.96,24.0,Countdown Onehunga,Countdown Kelston,,
13187.35,20.0,Countdown Onehunga,Countdown Lincoln Road,,
11301.119999999999,19.0,Countdown Onehunga,Countdown Lynfield,,
12870.09,21.0,Countdown Onehunga,Countdown Lynmall,,
15769.560000000001,22.0,Countdown Onehunga,Countdown Mairangi Bay,,
14828.35,21.0,Countdown Onehunga,Countdown Milford,,
11928.15,20.0,Countdown Onehunga,Countdown Mt Eden,,
11224.0,19.0,Countdown Onehunga,Countdown Mt Roskill,,
11860.71,19.0,Countdown Onehunga,Countdown Newmarket,,
13645.84,20.0,Countdown Onehunga,Countdown Northcote,,
15404.77,26.0,Countdown Onehunga,Countdown Ponsonby,,
12545.18,20.0,Countdown Onehunga,Countdown Pt Chevalier,,
11238.16,18.0,Countdown Onehunga,Countdown St Lukes,,
14276.33,20.0,Countdown Onehunga,Countdown Sunnynook,,
13728.08,20.0,Countdown Onehunga,Countdown Takapuna,,
12824.86,19.0,Countdown Onehunga,Countdown Te Atatu,,
12392.35,19.0,Countdown Onehunga,Countdown Te Atatu South,,
11609.869999999999,21.0,Countdown Onehunga,Countdown Three Kings,,
13526.84,21.0,Countdown Onehunga,Countdown Victoria Street West,,
15750.56,25.0,Countdown Onehunga,Countdown Westgate,,
10748.29,15.0,Countdown Onehunga,Countdown Metro Halsey Street,,
8857.91,16.0,Countdown Onehunga,FreshChoice Mangere Bridge,,
12566.75,17.0,Countdown Onehunga,FreshChoice Ranui,,
12274.45,16.0,Countdown Onehunga,SuperValue Palomino,,
10733.72,15.0,Countdown Onehunga,SuperValue Titirangi,,
16394.67,26.0,Countdown Ponsonby,Countdown Birkenhead,,
15336.46,25.0,Countdown Ponsonby,Countdown Blockhouse Bay,,
16528.65,25.0,Countdown Ponsonby,Countdown Glenfield,,
15386.57,26.0,Countdown Ponsonby,Countdown Greenlane,,
15737.32,24.0,Countdown Ponsonby,Countdown Hauraki Corner,,
16754.239999999998,26.0,Countdown Ponsonby,Countdown Henderson,,
17348.13,26.0,Countdown Ponsonby,Countdown Hobsonville,,
16287.8,26.0,Countdown Ponsonby,Countdown Lincoln Road,,
15067.18,25.0,Countdown Ponsonby,Countdown Lynfield,,
15054.58,26.0,Countdown Ponsonby,Countdown Mt Eden,,
14682.81,25.0,Countdown Ponsonby,Countdown Mt Roskill,,
14986.369999999999,25.0,Countdown Ponsonby,Countdown Newmarket,,
16299.95,26.0,Countdown Ponsonby,Countdown Northcote,,
15147.33,26.0,Countdown Ponsonby,Countdown Onehunga,,
15231.95,26.0,Countdown Ponsonby,Countdown Pt Chevalier,,
14146.279999999999,24.0,Countdown Ponsonby,Countdown St Lukes,,
16930.44,26.0,Countdown Ponsonby,Countdown Sunnynook,,
16382.18,26.0,Countdown Ponsonby,Countdown Takapuna,,
15925.32,25.0,Countdown Ponsonby,Countdown Te Atatu,,
15492.810000000001,25.0,Countdown Ponsonby,Countdown Te Atatu South,,
13402.39,21.0,Countdown Ponsonby,Countdown Metro Halsey Street,,
13291.44,22.0,Countdown Ponsonby,FreshChoice Mangere Bridge,,
15667.2,23.0,Countdown Ponsonby,FreshChoice Ranui,,
15374.9,22.0,Countdown Ponsonby,SuperValue Palomino,,
14371.04,21.0,Countdown Ponsonby,SuperValue Titirangi,,
14538.4,23.0,Countdown Pt Chevalier,Countdown Auckland City,,
14055.24,20.0,Countdown Pt Chevalier,Countdown Birkenhead,,
12221.14,19.0,Countdown Pt Chevalier,Countdown Blockhouse Bay,,
16332.98,21.0,Countdown Pt Chevalier,Countdown Browns Bay,,
14189.22,19.0,Countdown Pt Chevalier,Countdown Glenfield,,
12907.220000000001,20.0,Countdown Pt Chevalier,Countdown Greenlane,,
13190.9,21.0,Countdown Pt Chevalier,Countdown Grey Lynn,,
13397.880000000001,18.0,Countdown Pt Chevalier,Countdown Hauraki Corner,,
13736.22,20.0,Countdown Pt Chevalier,Countdown Henderson,,
14209.52,20.0,Countdown Pt Chevalier,Countdown Hobsonville,,
15121.68,24.0,Countdown Pt Chevalier,Countdown Kelston,,
13269.78,20.0,Countdown Pt Chevalier,Countdown Lincoln Road,,
12043.869999999999,19.0,Countdown Pt Chevalier,Countdown Lynfield,,
13229.0,21.0,Countdown Pt Chevalier,Countdown Lynmall,,
16084.23,22.0,Countdown Pt Chevalier,Countdown Mairangi Bay,,
15143.02,21.0,Countdown Pt Chevalier,Countdown Milford,,
12468.99,20.0,Countdown Pt Chevalier,Countdown Mt Eden,,
11798.61,19.0,Countdown Pt Chevalier,Countdown Mt Roskill,,
12507.02,19.0,Countdown Pt Chevalier,Countdown Newmarket,,
13960.51,20.0,Countdown Pt Chevalier,Countdown Northcote,,
12287.74,20.0,Countdown Pt Chevalier,Countdown Onehunga,,
15336.51,26.0,Countdown Pt Chevalier,Countdown Ponsonby,,
11396.44,18.0,Countdown Pt Chevalier,Countdown St Lukes,,
14591.0,20.0,Countdown Pt Chevalier,Countdown Sunnynook,,
14042.75,20.0,Countdown Pt Chevalier,Countdown Takapuna,,
12907.29,19.0,Countdown Pt Chevalier,Countdown Te Atatu,,
12474.779999999999,19.0,Countdown Pt Chevalier,Countdown Te Atatu South,,
12990.0,21.0,Countdown Pt Chevalier,Countdown Three Kings,,
13521.46,21.0,Countdown Pt Chevalier,Countdown Victoria Street West,,
15832.99,25.0,Countdown Pt Chevalier,Countdown Westgate,,
10930.869999999999,15.0,Countdown Pt Chevalier,Countdown Metro Halsey Street,,
10431.85,16.0,Countdown Pt Chevalier,FreshChoice Mangere Bridge,,
12649.18,17.0,Countdown Pt Chevalier,FreshChoice Ranui,,
12356.880000000001,16.0,Countdown Pt Chevalier,SuperValue Palomino,,
11286.34,15.0,Countdown Pt Chevalier,SuperValue Titirangi,,
13604.99,21.0,Countdown St Lukes,Countdown Auckland City,,
13035.82,18.0,Countdown St Lukes,Countdown Birkenhead,,
11107.73,17.0,Countdown St Lukes,Countdown Blockhouse Bay,,
15313.55,19.0,Countdown St Lukes,Countdown Browns Bay,,
13169.79,17.0,Countdown St Lukes,Countdown Glenfield,,
11621.17,18.0,Countdown St Lukes,Countdown Greenlane,,
12240.65,19.0,Countdown St Lukes,Countdown Grey Lynn,,
12378.460000000001,16.0,Countdown St Lukes,Countdown Hauraki Corner,,
12901.42,18.0,Countdown St Lukes,Countdown Henderson,,
13374.72,18.0,Countdown St Lukes,Countdown Hobsonville,,
14156.7,22.0,Countdown St Lukes,Countdown Kelston,,
12434.98,18.0,Countdown St Lukes,Countdown Lincoln Road,,
10838.45,17.0,Countdown St Lukes,Countdown Lynfield,,
12155.83,19.0,Countdown St Lukes,Countdown Lynmall,,
15064.810000000001,20.0,Countdown St Lukes,Countdown Mairangi Bay,,
14123.6,19.0,Countdown St Lukes,Countdown Milford,,
11092.35,18.0,Countdown St Lukes,Countdown Mt Eden,,
10395.77,17.0,Countdown St Lukes,Countdown Mt Roskill,,
11401.83,17.0,Countdown St Lukes,Countdown Newmarket,,
12941.09,18.0,Countdown St Lukes,Countdown Northcote,,
10980.73,18.0,Countdown St Lukes,Countdown Onehunga,,
14291.5,24.0,Countdown St Lukes,Countdown Ponsonby,,
11425.6,18.0,Countdown St Lukes,Countdown Pt Chevalier,,
13571.58,18.0,Countdown St Lukes,Countdown Sunnynook,,
13023.33,18.0,Countdown St Lukes,Countdown Takapuna,,
12072.5,17.0,Countdown St Lukes,Countdown Te Atatu,,
11639.99,17.0,Countdown St Lukes,Countdown Te Atatu South,,
11312.05,19.0,Countdown St Lukes,Countdown Three Kings,,
12451.19,19.0,Countdown St Lukes,Countdown Victoria Street West,,
14998.19,23.0,Countdown St Lukes,Countdown Westgate,,
9997.470000000001,13.0,Countdown St Lukes,Countdown Metro Halsey Street,,
9124.83,14.0,Countdown St Lukes,FreshChoice Mangere Bridge,,
11814.380000000001,15.0,Countdown St Lukes,FreshChoice Ranui,,
11522.08,14.0,Countdown St Lukes,SuperValue Palomino,,
10142.31,13.0,Countdown St Lukes,SuperValue Titirangi,,
15925.79,23.0,Countdown Sunnynook,Countdown Auckland City,,
14700.55,20.0,Countdown Sunnynook,Countdown Birkenhead,,
14437.529999999999,19.0,Countdown Sunnynook,Countdown Blockhouse Bay,,
15885.44,21.0,Countdown Sunnynook,Countdown Browns Bay,,
14041.77,19.0,Countdown Sunnynook,Countdown Glenfield,,
14339.96,20.0,Countdown Sunnynook,Countdown Greenlane,,
14609.64,21.0,Countdown Sunnynook,Countdown Grey Lynn,,
13700.44,18.0,Countdown Sunnynook,Countdown Hauraki Corner,,
15533.12,20.0,Countdown Sunnynook,Countdown Henderson,,
14721.17,20.0,Countdown Sunnynook,Countdown Hobsonville,,
17393.83,24.0,Countdown Sunnynook,Countdown Kelston,,
14804.14,20.0,Countdown Sunnynook,Countdown Lincoln Road,,
14168.24,19.0,Countdown Sunnynook,Countdown Lynfield,,
15377.51,21.0,Countdown Sunnynook,Countdown Lynmall,,
15484.41,22.0,Countdown Sunnynook,Countdown Mairangi Bay,,
14983.0,21.0,Countdown Sunnynook,Countdown Milford,,
14302.310000000001,20.0,Countdown Sunnynook,Countdown Mt Eden,,
13991.060000000001,19.0,Countdown Sunnynook,Countdown Mt Roskill,,
13939.76,19.0,Countdown Sunnynook,Countdown Newmarket,,
14362.39,20.0,Countdown Sunnynook,Countdown Northcote,,
14248.400000000001,20.0,Countdown Sunnynook,Countdown Onehunga,,
16962.43,26.0,Countdown Sunnynook,Countdown Ponsonby,,
14413.33,20.0,Countdown Sunnynook,Countdown Pt Chevalier,,
13392.52,18.0,Countdown Sunnynook,Countdown St Lukes,,
14345.310000000001,20.0,Countdown Sunnynook,Countdown Takapuna,,
14601.59,19.0,Countdown Sunnynook,Countdown Te Atatu,,
14271.69,19.0,Countdown Sunnynook,Countdown Te Atatu South,,
14539.0,21.0,Countdown Sunnynook,Countdown Three Kings,,
14818.43,21.0,Countdown Sunnynook,Countdown Victoria Street West,,
16898.52,25.0,Countdown Sunnynook,Countdown Westgate,,
12023.79,15.0,Countdown Sunnynook,Countdown Metro Halsey Street,,
12392.5,16.0,Countdown Sunnynook,FreshChoice Mangere Bridge,,
14183.54,17.0,Countdown Sunnynook,FreshChoice Ranui,,
13891.24,16.0,Countdown Sunnynook,SuperValue Palomino,,
13472.1,15.0,Countdown Sunnynook,SuperValue Titirangi,,
15377.55,23.0,Countdown Takapuna,Countdown Auckland City,,
14152.31,20.0,Countdown Takapuna,Countdown Birkenhead,,
13889.279999999999,19.0,Countdown Takapuna,Countdown Blockhouse Bay,,
16187.380000000001,21.0,Countdown Takapuna,Countdown Browns Bay,,
14043.619999999999,19.0,Countdown Takapuna,Countdown Glenfield,,
13791.71,20.0,Countdown Takapuna,Countdown Greenlane,,
14061.39,21.0,Countdown Takapuna,Countdown Grey Lynn,,
12940.77,18.0,Countdown Takapuna,Countdown Hauraki Corner,,
15307.05,20.0,Countdown Takapuna,Countdown Henderson,,
14863.1,20.0,Countdown Takapuna,Countdown Hobsonville,,
16731.53,24.0,Countdown Takapuna,Countdown Kelston,,
14840.619999999999,20.0,Countdown Takapuna,Countdown Lincoln Road,,
13620.0,19.0,Countdown Takapuna,Countdown Lynfield,,
14829.26,21.0,Countdown Takapuna,Countdown Lynmall,,
15938.64,22.0,Countdown Takapuna,Countdown Mairangi Bay,,
14589.13,21.0,Countdown Takapuna,Countdown Milford,,
13754.06,20.0,Countdown Takapuna,Countdown Mt Eden,,
13442.81,19.0,Countdown Takapuna,Countdown Mt Roskill,,
13391.51,19.0,Countdown Takapuna,Countdown Newmarket,,
13882.48,20.0,Countdown Takapuna,Countdown Northcote,,
13700.15,20.0,Countdown Takapuna,Countdown Onehunga,,
16414.18,26.0,Countdown Takapuna,Countdown Ponsonby,,
13865.08,20.0,Countdown Takapuna,Countdown Pt Chevalier,,
12844.27,18.0,Countdown Takapuna,Countdown St Lukes,,
14445.41,20.0,Countdown Takapuna,Countdown Sunnynook,,
14478.130000000001,19.0,Countdown Takapuna,Countdown Te Atatu,,
14045.619999999999,19.0,Countdown Takapuna,Countdown Te Atatu South,,
13990.75,21.0,Countdown Takapuna,Countdown Three Kings,,
14270.18,21.0,Countdown Takapuna,Countdown Victoria Street West,,
17040.45,25.0,Countdown Takapuna,Countdown Westgate,,
11475.54,15.0,Countdown Takapuna,Countdown Metro Halsey Street,,
11844.25,16.0,Countdown Takapuna,FreshChoice Mangere Bridge,,
14220.02,17.0,Countdown Takapuna,FreshChoice Ranui,,
13927.72,16.0,Countdown Takapuna,SuperValue Palomino,,
12923.85,15.0,Countdown Takapuna,SuperValue Titirangi,,
15021.45,22.0,Countdown Te Atatu,Countdown Auckland City,,
14538.3,19.0,Countdown Te Atatu,Countdown Birkenhead,,
12756.55,18.0,Countdown Te Atatu,Countdown Blockhouse Bay,,
16354.25,20.0,Countdown Te Atatu,Countdown Browns Bay,,
14584.67,18.0,Countdown Te Atatu,Countdown Glenfield,,
13390.27,19.0,Countdown Te Atatu,Countdown Greenlane,,
13755.92,20.0,Countdown Te Atatu,Countdown Grey Lynn,,
13880.94,17.0,Countdown Te Atatu,Countdown Hauraki Corner,,
13388.09,19.0,Countdown Te Atatu,Countdown Henderson,,
13895.07,19.0,Countdown Te Atatu,Countdown Hobsonville,,
15248.8,23.0,Countdown Te Atatu,Countdown Kelston,,
12955.33,19.0,Countdown Te Atatu,Countdown Lincoln Road,,
12487.27,18.0,Countdown Te Atatu,Countdown Lynfield,,
13536.07,20.0,Countdown Te Atatu,Countdown Lynmall,,
16074.41,21.0,Countdown Te Atatu,Countdown Mairangi Bay,,
15626.07,20.0,Countdown Te Atatu,Countdown Milford,,
13118.4,19.0,Countdown Te Atatu,Countdown Mt Eden,,
12310.08,18.0,Countdown Te Atatu,Countdown Mt Roskill,,
12990.08,18.0,Countdown Te Atatu,Countdown Newmarket,,
14443.57,19.0,Countdown Te Atatu,Countdown Northcote,,
12567.42,19.0,Countdown Te Atatu,Countdown Onehunga,,
15882.45,25.0,Countdown Te Atatu,Countdown Ponsonby,,
12786.42,19.0,Countdown Te Atatu,Countdown Pt Chevalier,,
12046.96,17.0,Countdown Te Atatu,Countdown St Lukes,,
14752.31,19.0,Countdown Te Atatu,Countdown Sunnynook,,
14525.81,19.0,Countdown Te Atatu,Countdown Takapuna,,
12126.66,18.0,Countdown Te Atatu,Countdown Te Atatu South,,
13269.68,20.0,Countdown Te Atatu,Countdown Three Kings,,
14004.52,20.0,Countdown Te Atatu,Countdown Victoria Street West,,
15518.54,24.0,Countdown Te Atatu,Countdown Westgate,,
11413.93,14.0,Countdown Te Atatu,Countdown Metro Halsey Street,,
10711.529999999999,15.0,Countdown Te Atatu,FreshChoice Mangere Bridge,,
12334.73,16.0,Countdown Te Atatu,FreshChoice Ranui,,
12042.43,15.0,Countdown Te Atatu,SuperValue Palomino,,
11589.99,14.0,Countdown Te Atatu,SuperValue Titirangi,,
14588.95,22.0,Countdown Te Atatu South,Countdown Auckland City,,
14105.79,19.0,Countdown Te Atatu South,Countdown Birkenhead,,
12324.05,18.0,Countdown Te Atatu South,Countdown Blockhouse Bay,,
15852.86,20.0,Countdown Te Atatu South,Countdown Browns Bay,,
14083.28,18.0,Countdown Te Atatu South,Countdown Glenfield,,
12957.77,19.0,Countdown Te Atatu South,Countdown Greenlane,,
13323.41,20.0,Countdown Te Atatu South,Countdown Grey Lynn,,
13448.43,17.0,Countdown Te Atatu South,Countdown Hauraki Corner,,
12657.01,19.0,Countdown Te Atatu South,Countdown Henderson,,
13393.68,19.0,Countdown Te Atatu South,Countdown Hobsonville,,
14517.71,23.0,Countdown Te Atatu South,Countdown Kelston,,
12453.939999999999,19.0,Countdown Te Atatu South,Countdown Lincoln Road,,
12054.77,18.0,Countdown Te Atatu South,Countdown Lynfield,,
13103.560000000001,20.0,Countdown Te Atatu South,Countdown Lynmall,,
15573.029999999999,21.0,Countdown Te Atatu South,Countdown Mairangi Bay,,
15231.24,20.0,Countdown Te Atatu South,Countdown Milford,,
12685.9,19.0,Countdown Te Atatu South,Countdown Mt Eden,,
11877.58,18.0,Countdown Te Atatu South,Countdown Mt Roskill,,
12557.57,18.0,Countdown Te Atatu South,Countdown Newmarket,,
14011.06,19.0,Countdown Te Atatu South,Countdown Northcote,,
12134.92,19.0,Countdown Te Atatu South,Countdown Onehunga,,
15449.95,25.0,Countdown Te Atatu South,Countdown Ponsonby,,
12353.92,19.0,Countdown Te Atatu South,Countdown Pt Chevalier,,
11614.45,17.0,Countdown Te Atatu South,Countdown St Lukes,,
14250.92,19.0,Countdown Te Atatu South,Countdown Sunnynook,,
14093.3,19.0,Countdown Te Atatu South,Countdown Takapuna,,
12051.5,18.0,Countdown Te Atatu South,Countdown Te Atatu,,
12837.18,20.0,Countdown Te Atatu South,Countdown Three Kings,,
13572.01,20.0,Countdown Te Atatu South,Countdown Victoria Street West,,
15017.15,24.0,Countdown Te Atatu South,Countdown Westgate,,
10981.43,14.0,Countdown Te Atatu South,Countdown Metro Halsey Street,,
10279.02,15.0,Countdown Te Atatu South,FreshChoice Mangere Bridge,,
11677.18,16.0,Countdown Te Atatu South,FreshChoice Ranui,,
11320.72,15.0,Countdown Te Atatu South,SuperValue Palomino,,
10743.5,14.0,Countdown Te Atatu South,SuperValue Titirangi,,
14593.52,24.0,Countdown Three Kings,Countdown Auckland City,,
14138.96,21.0,Countdown Three Kings,Countdown Birkenhead,,
12187.439999999999,20.0,Countdown Three Kings,Countdown Blockhouse Bay,,
16416.690000000002,22.0,Countdown Three Kings,Countdown Browns Bay,,
14272.93,20.0,Countdown Three Kings,Countdown Glenfield,,
12438.91,21.0,Countdown Three Kings,Countdown Greenlane,,
13766.51,22.0,Countdown Three Kings,Countdown Grey Lynn,,
13481.6,19.0,Countdown Three Kings,Countdown Hauraki Corner,,
14142.07,21.0,Countdown Three Kings,Countdown Henderson,,
14615.37,21.0,Countdown Three Kings,Countdown Hobsonville,,
15359.24,25.0,Countdown Three Kings,Countdown Kelston,,
13675.630000000001,21.0,Countdown Three Kings,Countdown Lincoln Road,,
11698.27,20.0,Countdown Three Kings,Countdown Lynfield,,
13358.369999999999,22.0,Countdown Three Kings,Countdown Lynmall,,
16167.95,23.0,Countdown Three Kings,Countdown Mairangi Bay,,
15226.73,22.0,Countdown Three Kings,Countdown Milford,,
12241.05,21.0,Countdown Three Kings,Countdown Mt Eden,,
11471.86,20.0,Countdown Three Kings,Countdown Mt Roskill,,
12256.16,20.0,Countdown Three Kings,Countdown Newmarket,,
14044.23,21.0,Countdown Three Kings,Countdown Northcote,,
11586.3,21.0,Countdown Three Kings,Countdown Onehunga,,
13033.470000000001,21.0,Countdown Three Kings,Countdown Pt Chevalier,,
11287.24,19.0,Countdown Three Kings,Countdown St Lukes,,
14674.72,21.0,Countdown Three Kings,Countdown Sunnynook,,
14126.47,21.0,Countdown Three Kings,Countdown Takapuna,,
13313.150000000001,20.0,Countdown Three Kings,Countdown Te Atatu,,
12880.64,20.0,Countdown Three Kings,Countdown Te Atatu South,,
13552.57,22.0,Countdown Three Kings,Countdown Victoria Street West,,
16238.84,26.0,Countdown Three Kings,Countdown Westgate,,
11146.68,16.0,Countdown Three Kings,Countdown Metro Halsey Street,,
9730.4,17.0,Countdown Three Kings,FreshChoice Mangere Bridge,,
13055.03,18.0,Countdown Three Kings,FreshChoice Ranui,,
12762.73,17.0,Countdown Three Kings,SuperValue Palomino,,
11222.01,16.0,Countdown Three Kings,SuperValue Titirangi,,
14703.06,24.0,Countdown Victoria Street West,Countdown Auckland City,,
14424.15,21.0,Countdown Victoria Street West,Countdown Birkenhead,,
13458.529999999999,20.0,Countdown Victoria Street West,Countdown Blockhouse Bay,,
16701.89,22.0,Countdown Victoria Street West,Countdown Browns Bay,,
14558.130000000001,20.0,Countdown Victoria Street West,Countdown Glenfield,,
13401.6,21.0,Countdown Victoria Street West,Countdown Greenlane,,
13914.41,22.0,Countdown Victoria Street West,Countdown Grey Lynn,,
13766.8,19.0,Countdown Victoria Street West,Countdown Hauraki Corner,,
14876.3,21.0,Countdown Victoria Street West,Countdown Henderson,,
15349.61,21.0,Countdown Victoria Street West,Countdown Hobsonville,,
16300.77,25.0,Countdown Victoria Street West,Countdown Kelston,,
14409.869999999999,21.0,Countdown Victoria Street West,Countdown Lincoln Road,,
13189.25,20.0,Countdown Victoria Street West,Countdown Lynfield,,
14398.51,22.0,Countdown Victoria Street West,Countdown Lynmall,,
16453.15,23.0,Countdown Victoria Street West,Countdown Mairangi Bay,,
15511.93,22.0,Countdown Victoria Street West,Countdown Milford,,
13227.79,21.0,Countdown Victoria Street West,Countdown Mt Eden,,
13012.06,20.0,Countdown Victoria Street West,Countdown Mt Roskill,,
13001.4,20.0,Countdown Victoria Street West,Countdown Newmarket,,
14329.43,21.0,Countdown Victoria Street West,Countdown Northcote,,
13269.4,21.0,Countdown Victoria Street West,Countdown Onehunga,,
13434.33,21.0,Countdown Victoria Street West,Countdown Pt Chevalier,,
12413.52,19.0,Countdown Victoria Street West,Countdown St Lukes,,
14959.92,21.0,Countdown Victoria Street West,Countdown Sunnynook,,
14411.67,21.0,Countdown Victoria Street West,Countdown Takapuna,,
14047.380000000001,20.0,Countdown Victoria Street West,Countdown Te Atatu,,
13614.869999999999,20.0,Countdown Victoria Street West,Countdown Te Atatu South,,
13600.64,22.0,Countdown Victoria Street West,Countdown Three Kings,,
16973.08,26.0,Countdown Victoria Street West,Countdown Westgate,,
11111.71,16.0,Countdown Victoria Street West,Countdown Metro Halsey Street,,
11413.5,17.0,Countdown Victoria Street West,FreshChoice Mangere Bridge,,
13789.26,18.0,Countdown Victoria Street West,FreshChoice Ranui,,
13496.97,17.0,Countdown Victoria Street West,SuperValue Palomino,,
12493.1,16.0,Countdown Victoria Street West,SuperValue Titirangi,,
17336.67,25.0,Countdown Westgate,Countdown Birkenhead,,
15682.25,24.0,Countdown Westgate,Countdown Blockhouse Bay,,
18532.29,26.0,Countdown Westgate,Countdown Browns Bay,,
16762.71,24.0,Countdown Westgate,Countdown Glenfield,,
16315.970000000001,25.0,Countdown Westgate,Countdown Greenlane,,
16681.61,26.0,Countdown Westgate,Countdown Grey Lynn,,
16336.56,23.0,Countdown Westgate,Countdown Hauraki Corner,,
16374.43,25.0,Countdown Westgate,Countdown Henderson,,
16073.11,25.0,Countdown Westgate,Countdown Hobsonville,,
15645.45,25.0,Countdown Westgate,Countdown Lincoln Road,,
15412.970000000001,24.0,Countdown Westgate,Countdown Lynfield,,
16461.77,26.0,Countdown Westgate,Countdown Lynmall,,
17910.67,26.0,Countdown Westgate,Countdown Milford,,
16044.1,25.0,Countdown Westgate,Countdown Mt Eden,,
15235.779999999999,24.0,Countdown Westgate,Countdown Mt Roskill,,
15915.77,24.0,Countdown Westgate,Countdown Newmarket,,
16998.510000000002,25.0,Countdown Westgate,Countdown Northcote,,
15493.119999999999,25.0,Countdown Westgate,Countdown Onehunga,,
15712.119999999999,25.0,Countdown Westgate,Countdown Pt Chevalier,,
14972.65,23.0,Countdown Westgate,Countdown St Lukes,,
16930.35,25.0,Countdown Westgate,Countdown Sunnynook,,
16981.43,25.0,Countdown Westgate,Countdown Takapuna,,
15442.900000000001,24.0,Countdown Westgate,Countdown Te Atatu,,
15113.0,24.0,Countdown Westgate,Countdown Te Atatu South,,
16195.380000000001,26.0,Countdown Westgate,Countdown Three Kings,,
16930.22,26.0,Countdown Westgate,Countdown Victoria Street West,,
14339.630000000001,20.0,Countdown Westgate,Countdown Metro Halsey Street,,
13637.23,21.0,Countdown Westgate,FreshChoice Mangere Bridge,,
14885.09,22.0,Countdown Westgate,FreshChoice Ranui,,
14732.55,21.0,Countdown Westgate,SuperValue Palomino,,
14515.69,20.0,Countdown Westgate,SuperValue Titirangi,,
12162.31,18.0,Countdown Metro Halsey Street,Countdown Auckland City,,
11641.92,15.0,Countdown Metro Halsey Street,Countdown Birkenhead,,
10909.49,14.0,Countdown Metro Halsey Street,Countdown Blockhouse Bay,,
13919.66,16.0,Countdown Metro Halsey Street,Countdown Browns Bay,,
11775.9,14.0,Countdown Metro Halsey Street,Countdown Glenfield,,
10965.81,15.0,Countdown Metro Halsey Street,Countdown Greenlane,,
11194.78,16.0,Countdown Metro Halsey Street,Countdown Grey Lynn,,
10984.57,13.0,Countdown Metro Halsey Street,Countdown Hauraki Corner,,
12327.26,15.0,Countdown Metro Halsey Street,Countdown Henderson,,
12595.380000000001,15.0,Countdown Metro Halsey Street,Countdown Hobsonville,,
13751.73,19.0,Countdown Metro Halsey Street,Countdown Kelston,,
11860.83,15.0,Countdown Metro Halsey Street,Countdown Lincoln Road,,
10640.2,14.0,Countdown Metro Halsey Street,Countdown Lynfield,,
11849.470000000001,16.0,Countdown Metro Halsey Street,Countdown Lynmall,,
13670.92,17.0,Countdown Metro Halsey Street,Countdown Mairangi Bay,,
12729.7,16.0,Countdown Metro Halsey Street,Countdown Milford,,
10928.16,15.0,Countdown Metro Halsey Street,Countdown Mt Eden,,
10463.01,14.0,Countdown Metro Halsey Street,Countdown Mt Roskill,,
10565.61,14.0,Countdown Metro Halsey Street,Countdown Newmarket,,
11547.2,15.0,Countdown Metro Halsey Street,Countdown Northcote,,
10720.36,15.0,Countdown Metro Halsey Street,Countdown Onehunga,,
13328.3,21.0,Countdown Metro Halsey Street,Countdown Ponsonby,,
10885.29,15.0,Countdown Metro Halsey Street,Countdown Pt Chevalier,,
9864.48,13.0,Countdown Metro Halsey Street,Countdown St Lukes,,
12177.68,15.0,Countdown Metro Halsey Street,Countdown Sunnynook,,
11629.43,15.0,Countdown Metro Halsey Street,Countdown Takapuna,,
11498.34,14.0,Countdown Metro Halsey Street,Countdown Te Atatu,,
11065.83,14.0,Countdown Metro Halsey Street,Countdown Te Atatu South,,
11164.85,16.0,Countdown Metro Halsey Street,Countdown Three Kings,,
11078.57,16.0,Countdown Metro Halsey Street,Countdown Victoria Street West,,
14424.03,20.0,Countdown Metro Halsey Street,Countdown Westgate,,
8864.46,11.0,Countdown Metro Halsey Street,FreshChoice Mangere Bridge,,
11240.22,12.0,Countdown Metro Halsey Street,FreshChoice Ranui,,
10947.92,11.0,Countdown Metro Halsey Street,SuperValue Palomino,,
9944.06,10.0,Countdown Metro Halsey Street,SuperValue Titirangi,,
12301.42,19.0,FreshChoice Mangere Bridge,Countdown Auckland City,,
11818.26,16.0,FreshChoice Mangere Bridge,Countdown Birkenhead,,
9456.8,15.0,FreshChoice Mangere Bridge,Countdown Blockhouse Bay,,
14096.0,17.0,FreshChoice Mangere Bridge,Countdown Browns Bay,,
11952.24,15.0,FreshChoice Mangere Bridge,Countdown Glenfield,,
10084.34,16.0,FreshChoice Mangere Bridge,Countdown Greenlane,,
11035.880000000001,17.0,FreshChoice Mangere Bridge,Countdown Grey Lynn,,
11160.9,14.0,FreshChoice Mangere Bridge,Countdown Hauraki Corner,,
11411.44,16.0,FreshChoice Mangere Bridge,Countdown Henderson,,
11884.74,16.0,FreshChoice Mangere Bridge,Countdown Hobsonville,,
12628.61,20.0,FreshChoice Mangere Bridge,Countdown Kelston,,
10945.0,16.0,FreshChoice Mangere Bridge,Countdown Lincoln Road,,
9058.77,15.0,FreshChoice Mangere Bridge,Countdown Lynfield,,
10627.74,17.0,FreshChoice Mangere Bridge,Countdown Lynmall,,
13847.26,18.0,FreshChoice Mangere Bridge,Countdown Mairangi Bay,,
12906.04,17.0,FreshChoice Mangere Bridge,Countdown Milford,,
9954.94,16.0,FreshChoice Mangere Bridge,Countdown Mt Eden,,
8981.65,15.0,FreshChoice Mangere Bridge,Countdown Mt Roskill,,
10270.04,15.0,FreshChoice Mangere Bridge,Countdown Newmarket,,
11723.529999999999,16.0,FreshChoice Mangere Bridge,Countdown Northcote,,
8728.9,16.0,FreshChoice Mangere Bridge,Countdown Onehunga,,
13162.42,22.0,FreshChoice Mangere Bridge,Countdown Ponsonby,,
10302.83,16.0,FreshChoice Mangere Bridge,Countdown Pt Chevalier,,
8995.81,14.0,FreshChoice Mangere Bridge,Countdown St Lukes,,
12354.02,16.0,FreshChoice Mangere Bridge,Countdown Sunnynook,,
11805.77,16.0,FreshChoice Mangere Bridge,Countdown Takapuna,,
10582.51,15.0,FreshChoice Mangere Bridge,Countdown Te Atatu,,
10150.0,15.0,FreshChoice Mangere Bridge,Countdown Te Atatu South,,
9601.380000000001,17.0,FreshChoice Mangere Bridge,Countdown Three Kings,,
11284.48,17.0,FreshChoice Mangere Bridge,Countdown Victoria Street West,,
13508.21,21.0,FreshChoice Mangere Bridge,Countdown Westgate,,
8693.9,11.0,FreshChoice Mangere Bridge,Countdown Metro Halsey Street,,
10324.4,13.0,FreshChoice Mangere Bridge,FreshChoice Ranui,,
10032.1,12.0,FreshChoice Mangere Bridge,SuperValue Palomino,,
8491.380000000001,11.0,FreshChoice Mangere Bridge,SuperValue Titirangi,,
14763.35,20.0,FreshChoice Ranui,Countdown Auckland City,,
14280.19,17.0,FreshChoice Ranui,Countdown Birkenhead,,
12498.45,16.0,FreshChoice Ranui,Countdown Blockhouse Bay,,
15776.82,18.0,FreshChoice Ranui,Countdown Browns Bay,,
14007.24,16.0,FreshChoice Ranui,Countdown Glenfield,,
13132.17,17.0,FreshChoice Ranui,Countdown Greenlane,,
13497.81,18.0,FreshChoice Ranui,Countdown Grey Lynn,,
13581.09,15.0,FreshChoice Ranui,Countdown Hauraki Corner,,
12557.79,17.0,FreshChoice Ranui,Countdown Henderson,,
13317.64,17.0,FreshChoice Ranui,Countdown Hobsonville,,
14661.07,21.0,FreshChoice Ranui,Countdown Kelston,,
12100.57,17.0,FreshChoice Ranui,Countdown Lincoln Road,,
12229.17,16.0,FreshChoice Ranui,Countdown Lynfield,,
13277.970000000001,18.0,FreshChoice Ranui,Countdown Lynmall,,
15496.98,19.0,FreshChoice Ranui,Countdown Mairangi Bay,,
15155.2,18.0,FreshChoice Ranui,Countdown Milford,,
12860.3,17.0,FreshChoice Ranui,Countdown Mt Eden,,
12051.98,16.0,FreshChoice Ranui,Countdown Mt Roskill,,
12731.97,16.0,FreshChoice Ranui,Countdown Newmarket,,
14243.05,17.0,FreshChoice Ranui,Countdown Northcote,,
12309.32,17.0,FreshChoice Ranui,Countdown Onehunga,,
15624.349999999999,23.0,FreshChoice Ranui,Countdown Ponsonby,,
12528.32,17.0,FreshChoice Ranui,Countdown Pt Chevalier,,
11788.85,15.0,FreshChoice Ranui,Countdown St Lukes,,
14174.880000000001,17.0,FreshChoice Ranui,Countdown Sunnynook,,
14225.96,17.0,FreshChoice Ranui,Countdown Takapuna,,
12259.1,16.0,FreshChoice Ranui,Countdown Te Atatu,,
11698.44,16.0,FreshChoice Ranui,Countdown Te Atatu South,,
13011.58,18.0,FreshChoice Ranui,Countdown Three Kings,,
13746.41,18.0,FreshChoice Ranui,Countdown Victoria Street West,,
14941.11,22.0,FreshChoice Ranui,Countdown Westgate,,
11155.83,12.0,FreshChoice Ranui,Countdown Metro Halsey Street,,
10453.42,13.0,FreshChoice Ranui,FreshChoice Mangere Bridge,,
10778.74,13.0,FreshChoice Ranui,SuperValue Palomino,,
10783.59,12.0,FreshChoice Ranui,SuperValue Titirangi,,
14471.04,19.0,SuperValue Palomino,Countdown Auckland City,,
13987.89,16.0,SuperValue Palomino,Countdown Birkenhead,,
11813.84,15.0,SuperValue Palomino,Countdown Blockhouse Bay,,
15484.52,17.0,SuperValue Palomino,Countdown Browns Bay,,
13714.94,15.0,SuperValue Palomino,Countdown Glenfield,,
12839.869999999999,16.0,SuperValue Palomino,Countdown Greenlane,,
13205.51,17.0,SuperValue Palomino,Countdown Grey Lynn,,
13288.78,14.0,SuperValue Palomino,Countdown Hauraki Corner,,
11922.65,16.0,SuperValue Palomino,Countdown Henderson,,
13025.34,16.0,SuperValue Palomino,Countdown Hobsonville,,
13987.43,20.0,SuperValue Palomino,Countdown Kelston,,
11808.27,16.0,SuperValue Palomino,Countdown Lincoln Road,,
11936.869999999999,15.0,SuperValue Palomino,Countdown Lynfield,,
12540.8,17.0,SuperValue Palomino,Countdown Lynmall,,
15204.68,18.0,SuperValue Palomino,Countdown Mairangi Bay,,
14862.89,17.0,SuperValue Palomino,Countdown Milford,,
12567.99,16.0,SuperValue Palomino,Countdown Mt Eden,,
11759.68,15.0,SuperValue Palomino,Countdown Mt Roskill,,
12439.67,15.0,SuperValue Palomino,Countdown Newmarket,,
13950.74,16.0,SuperValue Palomino,Countdown Northcote,,
12017.02,16.0,SuperValue Palomino,Countdown Onehunga,,
15332.05,22.0,SuperValue Palomino,Countdown Ponsonby,,
12236.02,16.0,SuperValue Palomino,Countdown Pt Chevalier,,
11496.55,14.0,SuperValue Palomino,Countdown St Lukes,,
13882.58,16.0,SuperValue Palomino,Countdown Sunnynook,,
13933.65,16.0,SuperValue Palomino,Countdown Takapuna,,
11966.8,15.0,SuperValue Palomino,Countdown Te Atatu,,
11343.79,15.0,SuperValue Palomino,Countdown Te Atatu South,,
12719.279999999999,17.0,SuperValue Palomino,Countdown Three Kings,,
13454.11,17.0,SuperValue Palomino,Countdown Victoria Street West,,
14648.81,21.0,SuperValue Palomino,Countdown Westgate,,
10863.52,11.0,SuperValue Palomino,Countdown Metro Halsey Street,,
10161.12,12.0,SuperValue Palomino,FreshChoice Mangere Bridge,,
10764.35,13.0,SuperValue Palomino,FreshChoice Ranui,,
10033.5,11.0,SuperValue Palomino,SuperValue Titirangi,,
13466.380000000001,18.0,SuperValue Titirangi,Countdown Auckland City,,
12983.22,15.0,SuperValue Titirangi,Countdown Birkenhead,,
9866.939999999999,14.0,SuperValue Titirangi,Countdown Blockhouse Bay,,
15260.96,16.0,SuperValue Titirangi,Countdown Browns Bay,,
13117.2,14.0,SuperValue Titirangi,Countdown Glenfield,,
11835.2,15.0,SuperValue Titirangi,Countdown Greenlane,,
12200.85,16.0,SuperValue Titirangi,Countdown Grey Lynn,,
12325.869999999999,13.0,SuperValue Titirangi,Countdown Hauraki Corner,,
11465.67,15.0,SuperValue Titirangi,Countdown Henderson,,
12849.869999999999,15.0,SuperValue Titirangi,Countdown Hobsonville,,
12487.01,19.0,SuperValue Titirangi,Countdown Kelston,,
11626.26,15.0,SuperValue Titirangi,Countdown Lincoln Road,,
9925.05,14.0,SuperValue Titirangi,Countdown Lynfield,,
10960.529999999999,16.0,SuperValue Titirangi,Countdown Lynmall,,
15029.21,17.0,SuperValue Titirangi,Countdown Mairangi Bay,,
14071.0,16.0,SuperValue Titirangi,Countdown Milford,,
11293.46,15.0,SuperValue Titirangi,Countdown Mt Eden,,
10179.33,14.0,SuperValue Titirangi,Countdown Mt Roskill,,
11435.0,14.0,SuperValue Titirangi,Countdown Newmarket,,
12888.5,15.0,SuperValue Titirangi,Countdown Northcote,,
10476.29,15.0,SuperValue Titirangi,Countdown Onehunga,,
14327.380000000001,21.0,SuperValue Titirangi,Countdown Ponsonby,,
11177.23,15.0,SuperValue Titirangi,Countdown Pt Chevalier,,
10068.41,13.0,SuperValue Titirangi,Countdown St Lukes,,
13518.99,15.0,SuperValue Titirangi,Countdown Sunnynook,,
12970.74,15.0,SuperValue Titirangi,Countdown Takapuna,,
11547.64,14.0,SuperValue Titirangi,Countdown Te Atatu,,
10775.8,14.0,SuperValue Titirangi,Countdown Te Atatu South,,
11178.54,16.0,SuperValue Titirangi,Countdown Three Kings,,
12449.45,16.0,SuperValue Titirangi,Countdown Victoria Street West,,
14473.33,20.0,SuperValue Titirangi,Countdown Westgate,,
9858.86,10.0,SuperValue Titirangi,Countdown Metro Halsey Street,,
8620.39,11.0,SuperValue Titirangi,FreshChoice Mangere Bridge,,
10823.82,12.0,SuperValue Titirangi,FreshChoice Ranui,,
10131.369999999999,11.0,SuperValue Titirangi,SuperValue Palomino,,
15432.92,23.0,Countdown Henderson,SuperValue Palomino,FreshChoice Ranui,
12922.18,24.0,Countdown Onehunga,FreshChoice Mangere Bridge,Countdown Mangere Mall,
15946.24,25.0,Countdown Te Atatu South,Countdown Henderson,SuperValue Palomino,
12041.82,23.0,FreshChoice Mangere Bridge,Countdown Mangere Mall,Countdown Mangere East,
16316.79,26.0,FreshChoice Ranui,Countdown Lincoln Road,Countdown Te Atatu South,
15972.720000000001,25.0,SuperValue Palomino,Countdown Henderson,Countdown Te Atatu South,
